mean_final,median_final,p10_final,p90_final,std_final,min_final,max_final
999.1071166992188,999.0711669921875,962.1156005859375,1036.82470703125,28.889162063598633,893.382080078125,1102.3533935546875
