mean_final,median_final,p10_final,p90_final,std_final,min_final,max_final
998.7860107421875,998.6708374023438,961.5606689453125,1036.4761962890625,29.27690315246582,888.9320678710938,1117.0269775390625
