mean_final,median_final,p10_final,p90_final,sentiment_used
1402.659423828125,1221.3583984375,657.9935913085938,2363.864013671875,0.0
