mean_final,median_final,p10_final,p90_final,std_final,min_final,max_final
999.2407836914062,998.861083984375,966.3102416992188,1031.8621826171875,25.84129524230957,908.1114501953125,1090.736083984375
