mean_final,median_final,p10_final,p90_final,std_final,min_final,max_final
998.4310302734375,997.798095703125,961.7739868164062,1035.8494873046875,28.853376388549805,904.6484985351562,1109.8453369140625
