mean_final,median_final,p10_final,p90_final,std_final,min_final,max_final
999.1480712890625,998.7866821289062,962.2399291992188,1036.15087890625,29.170700073242188,898.9169311523438,1122.53466796875
