mean_final,median_final,p10_final,p90_final,std_final,min_final,max_final
999.4548950195312,998.7957763671875,964.1438598632812,1035.42626953125,28.237436294555664,891.0400390625,1118.6748046875
