mean_final,median_final,p10_final,p90_final,std_final,min_final,max_final
998.540283203125,998.9063720703125,960.5537109375,1035.52099609375,29.351539611816406,882.0660400390625,1119.7437744140625
