mean_final,median_final,p10_final,p90_final,std_final,min_final,max_final
999.4630126953125,998.84326171875,962.9288330078125,1037.1517333984375,29.12859344482422,893.9852294921875,1100.1322021484375
