mean_final,median_final,p10_final,p90_final,sentiment_used
1206.0074462890625,1052.1939697265625,543.4903564453125,2023.709716796875,0.0
