mean_final,median_final,p10_final,p90_final,std_final,min_final,max_final
999.3945922851562,999.1420288085938,961.6519775390625,1037.0611572265625,29.365304946899414,895.558837890625,1118.589599609375
