mean_final,median_final,p10_final,p90_final,std_final,min_final,max_final
999.1204223632812,998.0914916992188,968.0830078125,1032.3525390625,25.203168869018555,912.7976684570312,1089.8599853515625
