mean_final,median_final,p10_final,p90_final,std_final,min_final,max_final
998.4771728515625,998.03857421875,961.2307739257812,1035.443115234375,28.961389541625977,906.8884887695312,1105.9700927734375
