mean_final,median_final,p10_final,p90_final,std_final,min_final,max_final
999.2205200195312,998.5999145507812,965.4329833984375,1034.4884033203125,27.02520751953125,909.7532348632812,1114.528076171875
