mean_final,median_final,p10_final,p90_final,std_final,min_final,max_final
999.3258056640625,998.8914794921875,967.32763671875,1031.5906982421875,24.88971519470215,913.2887573242188,1080.1888427734375
