mean_final,median_final,p10_final,p90_final,std_final,min_final,max_final
999.7039794921875,999.5061645507812,965.7861938476562,1034.863525390625,27.238834381103516,902.3250732421875,1091.4827880859375
