mean_final,median_final,p10_final,p90_final,std_final,min_final,max_final
999.2037963867188,998.4853515625,964.0401000976562,1035.9849853515625,28.075456619262695,895.8375244140625,1095.42431640625
