mean_final,median_final,p10_final,p90_final,std_final,min_final,max_final
999.5640869140625,998.9384765625,962.846923828125,1037.302001953125,28.860027313232422,905.9285278320312,1114.951171875
