mean_final,median_final,p10_final,p90_final,std_final,min_final,max_final
998.7960205078125,998.4760131835938,961.1008911132812,1037.53271484375,29.906457901000977,893.2800903320312,1107.9952392578125
