mean_final,median_final,p10_final,p90_final,std_final,min_final,max_final
998.7366943359375,998.6447143554688,961.6582641601562,1035.6727294921875,28.548442840576172,902.6742553710938,1109.2152099609375
