mean_final,median_final,p10_final,p90_final,std_final,min_final,max_final
998.8743896484375,998.450927734375,962.0726318359375,1036.242919921875,28.872005462646484,891.7969970703125,1097.99462890625
