mean_final,median_final,p10_final,p90_final,sentiment_used
1328.1307373046875,1179.314208984375,606.4246826171875,2219.4599609375,0.0
