mean_final,median_final,p10_final,p90_final,std_final,min_final,max_final
999.5172729492188,999.2492065429688,966.9509887695312,1031.5120849609375,24.97568130493164,917.4302978515625,1087.4560546875
