mean_final,median_final,p10_final,p90_final,std_final,min_final,max_final
999.0924072265625,998.3474731445312,965.356689453125,1033.815673828125,26.909290313720703,909.6939697265625,1100.2943115234375
