mean_final,median_final,p10_final,p90_final,std_final,min_final,max_final
999.552001953125,999.0421142578125,963.2567749023438,1037.164794921875,29.116865158081055,899.3075561523438,1100.6549072265625
