mean_final,median_final,p10_final,p90_final,std_final,min_final,max_final
998.6943969726562,998.3992919921875,963.4127197265625,1033.8070068359375,27.442781448364258,907.885009765625,1093.044189453125
