mean_final,median_final,p10_final,p90_final,std_final,min_final,max_final
999.1762084960938,998.2125854492188,962.3536376953125,1037.7099609375,29.468589782714844,905.898193359375,1097.3973388671875
