mean_final,median_final,p10_final,p90_final,std_final,min_final,max_final
999.2001953125,998.764892578125,966.7601928710938,1031.5318603515625,24.93946647644043,919.7218017578125,1117.4329833984375
