mean_final,median_final,p10_final,p90_final,std_final,min_final,max_final
998.8948974609375,998.4088745117188,961.008544921875,1037.1353759765625,29.74618911743164,887.5003662109375,1122.7850341796875
