mean_final,median_final,p10_final,p90_final,std_final,min_final,max_final
999.260009765625,999.4129028320312,965.3903198242188,1033.0333251953125,26.604291915893555,902.8104858398438,1094.155029296875
