mean_final,median_final,p10_final,p90_final,std_final,min_final,max_final
999.5805053710938,999.1882934570312,963.792724609375,1036.24169921875,28.157039642333984,859.7022094726562,1113.98828125
