mean_final,median_final,p10_final,p90_final,sentiment_used
1409.6722412109375,1239.308349609375,663.7474975585938,2336.065185546875,0.0
