mean_final,median_final,p10_final,p90_final,std_final,min_final,max_final
999.2116088867188,999.0747680664062,967.297607421875,1030.562255859375,24.708181381225586,912.2997436523438,1082.4686279296875
