mean_final,median_final,p10_final,p90_final,std_final,min_final,max_final
999.50830078125,999.3443603515625,964.0530395507812,1035.275390625,27.86484718322754,899.4525756835938,1098.30712890625
