mean_final,median_final,p10_final,p90_final,std_final,min_final,max_final
999.459228515625,998.6670532226562,967.8886108398438,1031.6953125,25.03348159790039,908.2108764648438,1095.8096923828125
