mean_final,median_final,p10_final,p90_final,std_final,min_final,max_final
999.63037109375,999.0743408203125,966.3735961914062,1034.010009765625,26.421037673950195,911.1651611328125,1126.9495849609375
