mean_final,median_final,p10_final,p90_final,std_final,min_final,max_final
999.1060180664062,998.4398803710938,967.6638793945312,1031.49365234375,24.716209411621094,909.8013916015625,1107.417724609375
