mean_final,median_final,p10_final,p90_final,std_final,min_final,max_final
999.6580200195312,999.03125,964.5989379882812,1035.114990234375,27.50257110595703,896.454833984375,1102.8857421875
