mean_final,median_final,p10_final,p90_final,std_final,min_final,max_final
999.6768188476562,999.470458984375,962.7279052734375,1036.2034912109375,28.937746047973633,904.4300537109375,1116.7939453125
