mean_final,median_final,p10_final,p90_final,std_final,min_final,max_final
998.9835815429688,998.6947021484375,961.4312744140625,1037.3778076171875,29.79625129699707,887.9906005859375,1109.5059814453125
