mean_final,median_final,p10_final,p90_final,std_final,min_final,max_final
999.1318969726562,998.70751953125,965.978271484375,1032.703369140625,25.916187286376953,910.2770385742188,1101.4952392578125
