mean_final,median_final,p10_final,p90_final,sentiment_used
1159.5140380859375,1014.9622192382812,536.332763671875,1966.148681640625,0.0
