mean_final,median_final,p10_final,p90_final,std_final,min_final,max_final
999.7244262695312,999.3560791015625,967.5543823242188,1031.954833984375,25.151674270629883,919.96044921875,1091.0487060546875
