mean_final,median_final,p10_final,p90_final,sentiment_used
1171.433349609375,1026.9263916015625,538.44580078125,2012.096435546875,0.0
