mean_final,median_final,p10_final,p90_final,std_final,min_final,max_final
999.6298217773438,999.5869140625,968.5400390625,1030.695556640625,24.676475524902344,910.6981201171875,1095.4254150390625
