mean_final,median_final,p10_final,p90_final,std_final,min_final,max_final
998.873779296875,998.3382568359375,964.5411987304688,1033.4132080078125,26.931865692138672,902.1563110351562,1095.8489990234375
