mean_final,median_final,p10_final,p90_final,sentiment_used
1075.3907470703125,932.603515625,504.3725280761719,1817.052978515625,0.0
