mean_final,median_final,p10_final,p90_final,sentiment_used
1107.66552734375,972.455810546875,514.272216796875,1858.4820556640625,0.0
