mean_final,median_final,p10_final,p90_final,std_final,min_final,max_final
999.3331298828125,998.9683837890625,964.7864990234375,1035.2259521484375,27.574459075927734,899.6550903320312,1092.0826416015625
