mean_final,median_final,p10_final,p90_final,std_final,min_final,max_final
999.39599609375,998.8301391601562,961.3609008789062,1038.6273193359375,30.04329490661621,857.2838745117188,1133.115234375
