mean_final,median_final,p10_final,p90_final,std_final,min_final,max_final
999.6339721679688,999.161865234375,962.0391235351562,1037.9091796875,29.2560977935791,906.5902709960938,1111.098388671875
