mean_final,median_final,p10_final,p90_final,std_final,min_final,max_final
998.8488159179688,998.3029174804688,961.0247802734375,1036.78173828125,29.87521743774414,901.87646484375,1104.02880859375
