mean_final,median_final,p10_final,p90_final,std_final,min_final,max_final
999.1666259765625,998.9008178710938,962.0419921875,1036.660400390625,29.39803123474121,861.0069580078125,1132.0074462890625
