mean_final,median_final,p10_final,p90_final,std_final,min_final,max_final
998.228515625,998.0655517578125,961.760498046875,1034.52685546875,28.578672409057617,901.9610595703125,1117.400146484375
