mean_final,median_final,p10_final,p90_final,std_final,min_final,max_final
999.3568115234375,999.05859375,962.0956420898438,1036.8782958984375,29.30449867248535,899.1502685546875,1117.3604736328125
