mean_final,median_final,p10_final,p90_final,std_final,min_final,max_final
999.2507934570312,998.9083862304688,962.1464233398438,1036.3131103515625,28.877582550048828,892.7315673828125,1107.634033203125
