mean_final,median_final,p10_final,p90_final,sentiment_used
1247.4820556640625,1085.0609130859375,571.7581176757812,2130.0927734375,0.0
