mean_final,median_final,p10_final,p90_final,std_final,min_final,max_final
999.5245971679688,999.1783447265625,966.6203002929688,1033.2890625,26.31259536743164,917.7923583984375,1107.3638916015625
