mean_final,median_final,p10_final,p90_final,std_final,min_final,max_final
999.63818359375,999.0460815429688,963.3178100585938,1037.068115234375,28.747220993041992,900.1181030273438,1117.5966796875
