mean_final,median_final,p10_final,p90_final,std_final,min_final,max_final
999.935302734375,998.8406982421875,962.1411743164062,1038.8590087890625,29.86988067626953,894.8759765625,1113.3883056640625
