mean_final,median_final,p10_final,p90_final,sentiment_used
1318.2899169921875,1153.585693359375,604.3836059570312,2238.94775390625,0.0
