mean_final,median_final,p10_final,p90_final,std_final,min_final,max_final
999.1295166015625,998.4367065429688,960.7711791992188,1037.4124755859375,29.87949562072754,895.3243408203125,1123.51171875
