mean_final,median_final,p10_final,p90_final,std_final,min_final,max_final
998.8598022460938,998.5274047851562,961.3720092773438,1035.690185546875,28.82077407836914,905.600341796875,1130.72900390625
