mean_final,median_final,p10_final,p90_final,std_final,min_final,max_final
998.4901733398438,997.75,960.2941284179688,1037.2525634765625,29.79825782775879,903.2542724609375,1102.1954345703125
