mean_final,median_final,p10_final,p90_final,sentiment_used
1311.113037109375,1141.363037109375,588.8479614257812,2231.10205078125,0.0
