mean_final,median_final,p10_final,p90_final,std_final,min_final,max_final
998.9674072265625,998.2360229492188,961.6719970703125,1037.2314453125,29.315792083740234,892.1984252929688,1119.305419921875
