mean_final,median_final,p10_final,p90_final,std_final,min_final,max_final
999.257080078125,998.5555419921875,964.7942504882812,1035.134521484375,27.180906295776367,898.45703125,1110.1396484375
