mean_final,median_final,p10_final,p90_final,std_final,min_final,max_final
1000.0056762695312,1000.258544921875,964.7251586914062,1035.681640625,27.7718505859375,902.599365234375,1101.367919921875
