mean_final,median_final,p10_final,p90_final,std_final,min_final,max_final
999.7630004882812,999.3895263671875,965.288330078125,1034.3233642578125,26.920455932617188,908.090576171875,1118.1873779296875
