mean_final,median_final,p10_final,p90_final,std_final,min_final,max_final
999.2999267578125,998.8303833007812,962.3740844726562,1037.193359375,29.006433486938477,892.5390625,1101.8515625
