mean_final,median_final,p10_final,p90_final,std_final,min_final,max_final
998.7313232421875,998.4088745117188,960.3422241210938,1038.0096435546875,29.852703094482422,911.251953125,1097.5899658203125
