mean_final,median_final,p10_final,p90_final,sentiment_used
952.036376953125,852.6694946289062,461.944091796875,1554.7120361328125,0.0
