mean_final,median_final,p10_final,p90_final,sentiment_used
1389.097900390625,1220.8314208984375,650.2516479492188,2339.64404296875,0.0
