mean_final,median_final,p10_final,p90_final,std_final,min_final,max_final
998.715576171875,998.3551025390625,961.0545654296875,1037.2613525390625,29.55231475830078,910.5514526367188,1103.769775390625
