mean_final,median_final,p10_final,p90_final,std_final,min_final,max_final
999.926025390625,999.326171875,964.6746826171875,1035.6004638671875,27.85484504699707,885.2010498046875,1109.315185546875
