mean_final,median_final,p10_final,p90_final,sentiment_used
1004.6134033203125,893.302001953125,479.998291015625,1647.572021484375,0.0
