mean_final,median_final,p10_final,p90_final,std_final,min_final,max_final
998.9771728515625,998.375732421875,962.5946655273438,1036.16796875,28.654388427734375,891.3345947265625,1099.230224609375
