mean_final,median_final,p10_final,p90_final,sentiment_used
1257.7476806640625,1112.5537109375,556.8220825195312,2135.09228515625,0.0
