mean_final,median_final,p10_final,p90_final,std_final,min_final,max_final
998.6710205078125,998.3641357421875,962.9503784179688,1035.21044921875,27.87087631225586,899.837890625,1104.3768310546875
