mean_final,median_final,p10_final,p90_final,std_final,min_final,max_final
999.6956787109375,999.7212524414062,965.7384643554688,1033.4927978515625,26.587345123291016,904.3790283203125,1112.3695068359375
