mean_final,median_final,p10_final,p90_final,std_final,min_final,max_final
998.364013671875,997.711181640625,960.4467163085938,1036.5152587890625,29.71771240234375,869.4461669921875,1115.8427734375
