mean_final,median_final,p10_final,p90_final,std_final,min_final,max_final
999.2788696289062,998.6088256835938,967.6255493164062,1031.6959228515625,25.18296241760254,907.1422119140625,1108.638916015625
