mean_final,median_final,p10_final,p90_final,std_final,min_final,max_final
999.6055908203125,999.1861572265625,964.1031494140625,1034.9849853515625,27.26838493347168,910.0772705078125,1105.546875
