mean_final,median_final,p10_final,p90_final,std_final,min_final,max_final
999.4451293945312,999.1392822265625,967.9006958007812,1031.704833984375,24.890361785888672,908.5250244140625,1096.11572265625
