mean_final,median_final,p10_final,p90_final,std_final,min_final,max_final
1000.1182861328125,999.8214721679688,965.271728515625,1035.171142578125,27.283578872680664,907.8079833984375,1108.5579833984375
