mean_final,median_final,p10_final,p90_final,std_final,min_final,max_final
999.2442016601562,998.2062377929688,963.4920654296875,1034.6087646484375,27.670724868774414,912.0855102539062,1108.6805419921875
