mean_final,median_final,p10_final,p90_final,sentiment_used
1303.1558837890625,1137.02099609375,599.5993041992188,2185.17578125,0.0
