mean_final,median_final,p10_final,p90_final,std_final,min_final,max_final
999.6972045898438,999.1624145507812,964.67724609375,1036.05224609375,27.77466583251953,907.04296875,1108.43896484375
