mean_final,median_final,p10_final,p90_final,sentiment_used
1234.042236328125,1099.411376953125,559.7928466796875,2075.24609375,0.0
