mean_final,median_final,p10_final,p90_final,std_final,min_final,max_final
999.8363037109375,999.6251831054688,968.0049438476562,1032.1624755859375,24.986448287963867,911.3526611328125,1089.0057373046875
