mean_final,median_final,p10_final,p90_final,std_final,min_final,max_final
999.093994140625,999.1539916992188,967.2437133789062,1030.40771484375,24.716705322265625,910.5811767578125,1093.85400390625
