mean_final,median_final,p10_final,p90_final,sentiment_used
912.6218872070312,813.2340698242188,448.128173828125,1507.7318115234375,0.0
