mean_final,median_final,p10_final,p90_final,sentiment_used
1260.907470703125,1106.942138671875,557.9209594726562,2133.095703125,0.0
