mean_final,median_final,p10_final,p90_final,std_final,min_final,max_final
999.2515258789062,998.8461303710938,967.5523071289062,1031.7830810546875,25.391399383544922,889.1995239257812,1099.5802001953125
