mean_final,median_final,p10_final,p90_final,std_final,min_final,max_final
999.9614868164062,999.7862548828125,967.5833740234375,1032.7735595703125,25.191261291503906,900.0696411132812,1085.4434814453125
