mean_final,median_final,p10_final,p90_final,std_final,min_final,max_final
999.0217895507812,998.3165893554688,962.3737182617188,1035.9176025390625,28.707168579101562,900.8482666015625,1110.3511962890625
