mean_final,median_final,p10_final,p90_final,std_final,min_final,max_final
999.1339721679688,999.4463500976562,962.3955078125,1035.8431396484375,28.673385620117188,901.0314331054688,1111.0025634765625
