mean_final,median_final,p10_final,p90_final,std_final,min_final,max_final
999.3876953125,998.8340454101562,962.9635620117188,1036.395263671875,28.830591201782227,889.451416015625,1102.435302734375
