mean_final,median_final,p10_final,p90_final,sentiment_used
1284.1851806640625,1121.6162109375,570.122802734375,2188.674072265625,0.0
