mean_final,median_final,p10_final,p90_final,sentiment_used
1179.0772705078125,1037.5672607421875,536.16162109375,1983.146240234375,0.0
