mean_final,median_final,p10_final,p90_final,std_final,min_final,max_final
1000.30029296875,999.803466796875,966.0784912109375,1035.513916015625,26.767925262451172,917.8734741210938,1115.749267578125
