mean_final,median_final,p10_final,p90_final,sentiment_used
1298.6942138671875,1144.1533203125,620.2598266601562,2173.90380859375,0.0
