mean_final,median_final,p10_final,p90_final,std_final,min_final,max_final
999.6580810546875,999.3526000976562,962.849853515625,1036.8624267578125,28.99813461303711,898.1246948242188,1121.596923828125
