mean_final,median_final,p10_final,p90_final,std_final,min_final,max_final
998.9708251953125,998.6124267578125,962.3602294921875,1035.730224609375,28.637107849121094,903.707275390625,1121.184814453125
