mean_final,median_final,p10_final,p90_final,std_final,min_final,max_final
999.4810791015625,998.9618530273438,966.1455078125,1033.7735595703125,26.5872802734375,912.02099609375,1099.1116943359375
