mean_final,median_final,p10_final,p90_final,std_final,min_final,max_final
999.8837890625,999.218505859375,966.0548706054688,1034.604736328125,27.065771102905273,893.07861328125,1096.0540771484375
