mean_final,median_final,p10_final,p90_final,std_final,min_final,max_final
998.9041748046875,998.0932006835938,960.8211059570312,1037.3988037109375,29.9693603515625,895.440185546875,1121.3231201171875
