mean_final,median_final,p10_final,p90_final,std_final,min_final,max_final
999.6290283203125,999.0107421875,964.3727416992188,1035.5361328125,27.71392250061035,902.9549560546875,1125.922607421875
