mean_final,median_final,p10_final,p90_final,std_final,min_final,max_final
999.598876953125,999.3900146484375,964.7443237304688,1034.3292236328125,27.17369270324707,913.1063842773438,1094.596923828125
