mean_final,median_final,p10_final,p90_final,std_final,min_final,max_final
999.1699829101562,998.3959350585938,962.6781005859375,1036.6363525390625,28.99924659729004,896.3380737304688,1120.50439453125
