mean_final,median_final,p10_final,p90_final,std_final,min_final,max_final
1000.002197265625,999.7002563476562,966.9425048828125,1033.6376953125,26.044513702392578,894.9901123046875,1093.7269287109375
