mean_final,median_final,p10_final,p90_final,std_final,min_final,max_final
999.0001831054688,998.9273681640625,961.2440795898438,1035.3966064453125,29.379880905151367,884.7033081054688,1121.418701171875
