mean_final,median_final,p10_final,p90_final,std_final,min_final,max_final
999.0128173828125,999.1528930664062,961.5291137695312,1036.4906005859375,29.5228271484375,890.45068359375,1105.6029052734375
