mean_final,median_final,p10_final,p90_final,sentiment_used
1412.581787109375,1246.16552734375,667.173583984375,2371.26513671875,0.0
