mean_final,median_final,p10_final,p90_final,std_final,min_final,max_final
998.6380004882812,998.4606323242188,962.1768188476562,1034.4068603515625,28.38770294189453,895.2125244140625,1102.8310546875
