mean_final,median_final,p10_final,p90_final,std_final,min_final,max_final
998.7578735351562,998.4285278320312,960.9326171875,1037.431396484375,29.49285125732422,878.5489501953125,1128.689697265625
