mean_final,median_final,p10_final,p90_final,std_final,min_final,max_final
999.51318359375,999.4046020507812,962.531982421875,1036.8056640625,29.207195281982422,901.6785278320312,1110.67431640625
