mean_final,median_final,p10_final,p90_final,std_final,min_final,max_final
999.6082763671875,999.4298095703125,964.6709594726562,1034.9132080078125,27.243785858154297,907.3590087890625,1133.3248291015625
