mean_final,median_final,p10_final,p90_final,std_final,min_final,max_final
999.9555053710938,999.7001953125,965.7874145507812,1034.0025634765625,26.72850799560547,900.6312866210938,1111.05712890625
