mean_final,median_final,p10_final,p90_final,std_final,min_final,max_final
998.8632202148438,998.7701416015625,967.1262817382812,1030.9842529296875,24.667768478393555,922.3382568359375,1094.832275390625
