mean_final,median_final,p10_final,p90_final,std_final,min_final,max_final
999.297607421875,998.4239501953125,962.73388671875,1035.5556640625,28.45909309387207,896.099609375,1116.3934326171875
