mean_final,median_final,p10_final,p90_final,std_final,min_final,max_final
999.6580810546875,999.5342407226562,964.82763671875,1034.7554931640625,27.371091842651367,910.93017578125,1118.9383544921875
