mean_final,median_final,p10_final,p90_final,sentiment_used
1058.112548828125,934.1019287109375,497.4415588378906,1790.4197998046875,0.0
