mean_final,median_final,p10_final,p90_final,std_final,min_final,max_final
999.7640991210938,999.244384765625,963.9921875,1035.7542724609375,27.928173065185547,903.13916015625,1101.4970703125
