mean_final,median_final,p10_final,p90_final,std_final,min_final,max_final
999.4036254882812,999.2603759765625,964.9404907226562,1035.166259765625,27.75092315673828,879.6293334960938,1103.2552490234375
