mean_final,median_final,p10_final,p90_final,std_final,min_final,max_final
999.280517578125,998.758056640625,964.0589599609375,1034.8704833984375,27.71087646484375,909.9583740234375,1116.6815185546875
