mean_final,median_final,p10_final,p90_final,std_final,min_final,max_final
999.2374267578125,998.6202392578125,968.0167236328125,1031.2064208984375,24.69874382019043,913.074951171875,1088.3824462890625
