mean_final,median_final,p10_final,p90_final,std_final,min_final,max_final
998.86572265625,998.2625122070312,961.79931640625,1036.264404296875,29.133037567138672,905.7586669921875,1109.9312744140625
