mean_final,median_final,p10_final,p90_final,std_final,min_final,max_final
999.33251953125,998.9503173828125,967.563720703125,1031.9072265625,25.460832595825195,911.6185302734375,1093.374755859375
