mean_final,median_final,p10_final,p90_final,sentiment_used
1198.7020263671875,1048.128662109375,554.1663208007812,2029.5810546875,0.0
