mean_final,median_final,p10_final,p90_final,std_final,min_final,max_final
998.9619750976562,998.463134765625,961.2872314453125,1037.303955078125,29.494258880615234,904.95654296875,1126.84814453125
