mean_final,median_final,p10_final,p90_final,sentiment_used
1131.0638427734375,1004.0055541992188,520.4002075195312,1918.4737548828125,0.0
