mean_final,median_final,p10_final,p90_final,sentiment_used
1404.2943115234375,1243.7030029296875,652.537109375,2354.33447265625,0.0
