mean_final,median_final,p10_final,p90_final,std_final,min_final,max_final
998.7470092773438,998.445556640625,965.8323364257812,1032.0523681640625,25.771318435668945,919.814208984375,1113.520751953125
