mean_final,median_final,p10_final,p90_final,std_final,min_final,max_final
999.1995239257812,999.0557250976562,967.2849731445312,1031.7838134765625,25.018978118896484,916.1073608398438,1084.6700439453125
