mean_final,median_final,p10_final,p90_final,std_final,min_final,max_final
999.5855102539062,999.077880859375,962.421875,1037.510498046875,29.484724044799805,899.9675903320312,1134.790283203125
