mean_final,median_final,p10_final,p90_final,sentiment_used
1407.8826904296875,1237.441162109375,655.3394775390625,2376.9755859375,0.0
