mean_final,median_final,p10_final,p90_final,std_final,min_final,max_final
999.6748046875,999.178466796875,964.784912109375,1036.0501708984375,28.228071212768555,897.0642700195312,1107.6763916015625
