mean_final,median_final,p10_final,p90_final,std_final,min_final,max_final
999.2990112304688,999.2060546875,964.5762939453125,1034.56640625,27.411245346069336,901.6989135742188,1106.0616455078125
