mean_final,median_final,p10_final,p90_final,std_final,min_final,max_final
999.0513916015625,998.6834716796875,961.99560546875,1037.1075439453125,29.274751663208008,901.6713256835938,1102.1396484375
