mean_final,median_final,p10_final,p90_final,std_final,min_final,max_final
999.19873046875,998.8043212890625,962.317138671875,1036.122314453125,28.912248611450195,899.4866943359375,1122.6859130859375
