mean_final,median_final,p10_final,p90_final,std_final,min_final,max_final
998.8265991210938,998.3340454101562,961.5498657226562,1036.1488037109375,28.949878692626953,874.2787475585938,1097.7803955078125
