mean_final,median_final,p10_final,p90_final,std_final,min_final,max_final
1000.0822143554688,999.5123291015625,964.6678466796875,1036.1453857421875,27.930042266845703,903.11865234375,1102.5421142578125
