mean_final,median_final,p10_final,p90_final,std_final,min_final,max_final
999.6065063476562,998.7738037109375,964.1835327148438,1035.90380859375,28.118061065673828,912.12060546875,1121.7666015625
