mean_final,median_final,p10_final,p90_final,std_final,min_final,max_final
999.3997802734375,998.7139282226562,967.365478515625,1032.309814453125,25.39449119567871,912.1764526367188,1086.7401123046875
