mean_final,median_final,p10_final,p90_final,std_final,min_final,max_final
999.7249755859375,999.4122314453125,967.0224609375,1032.1470947265625,25.19364356994629,914.0823974609375,1092.2244873046875
