mean_final,median_final,p10_final,p90_final,std_final,min_final,max_final
999.5983276367188,999.3120727539062,966.9818115234375,1032.021240234375,25.448972702026367,896.9718627929688,1083.6453857421875
