mean_final,median_final,p10_final,p90_final,sentiment_used
1312.4095458984375,1144.6519775390625,590.1859130859375,2207.689208984375,0.0
