mean_final,median_final,p10_final,p90_final,std_final,min_final,max_final
999.1802978515625,999.3900146484375,966.0745239257812,1031.543212890625,25.23675537109375,918.7109375,1088.647705078125
