mean_final,median_final,p10_final,p90_final,sentiment_used
903.9840698242188,805.4420166015625,442.8385925292969,1476.9927978515625,0.0
