mean_final,median_final,p10_final,p90_final,sentiment_used
1241.54150390625,1090.5714111328125,561.6122436523438,2088.88671875,0.0
