mean_final,median_final,p10_final,p90_final,std_final,min_final,max_final
999.8206176757812,999.5228881835938,962.5379638671875,1037.4991455078125,28.96773338317871,892.2623901367188,1105.7264404296875
