mean_final,median_final,p10_final,p90_final,sentiment_used
1243.4334716796875,1075.66650390625,549.5728149414062,2141.832275390625,0.0
