mean_final,median_final,p10_final,p90_final,std_final,min_final,max_final
998.8687744140625,998.9889526367188,963.634765625,1034.3226318359375,27.508329391479492,901.701171875,1102.0963134765625
