mean_final,median_final,p10_final,p90_final,sentiment_used
1132.832763671875,1010.7559204101562,516.3599243164062,1880.320556640625,0.0
