mean_final,median_final,p10_final,p90_final,std_final,min_final,max_final
999.4052124023438,999.1143798828125,965.4606323242188,1034.8060302734375,26.97581672668457,908.3739624023438,1109.4599609375
