mean_final,median_final,p10_final,p90_final,std_final,min_final,max_final
999.0034790039062,998.9019165039062,965.490234375,1032.358154296875,26.13056182861328,909.6858520507812,1111.39453125
