mean_final,median_final,p10_final,p90_final,std_final,min_final,max_final
1000.1234741210938,1000.3555908203125,962.3048095703125,1037.363525390625,29.444910049438477,906.7894287109375,1100.8970947265625
