mean_final,median_final,p10_final,p90_final,std_final,min_final,max_final
999.1680908203125,999.0133056640625,963.5781860351562,1034.550048828125,27.4500675201416,902.3065795898438,1104.22607421875
