mean_final,median_final,p10_final,p90_final,std_final,min_final,max_final
998.6586303710938,997.9432983398438,961.0368041992188,1036.3455810546875,29.344650268554688,907.435791015625,1100.522705078125
