mean_final,median_final,p10_final,p90_final,sentiment_used
1098.2484130859375,967.0147094726562,502.0744934082031,1832.9918212890625,0.0
