mean_final,median_final,p10_final,p90_final,std_final,min_final,max_final
999.2589111328125,998.614501953125,961.9613037109375,1038.4654541015625,29.694259643554688,897.6150512695312,1104.7166748046875
