mean_final,median_final,p10_final,p90_final,sentiment_used
1243.691162109375,1088.8924560546875,554.46875,2117.007568359375,0.0
