mean_final,median_final,p10_final,p90_final,sentiment_used
1409.5423583984375,1245.1138916015625,662.3341674804688,2354.66748046875,0.0
