mean_final,median_final,p10_final,p90_final,sentiment_used
1149.9222412109375,1002.0071411132812,521.7675170898438,1963.93603515625,0.0
