mean_final,median_final,p10_final,p90_final,std_final,min_final,max_final
998.9619750976562,998.37939453125,967.4444580078125,1031.5772705078125,25.154376983642578,897.1107177734375,1087.3123779296875
