mean_final,median_final,p10_final,p90_final,sentiment_used
907.7257080078125,811.5999755859375,423.276123046875,1522.3145751953125,0.0
