mean_final,median_final,p10_final,p90_final,std_final,min_final,max_final
999.3489990234375,999.031494140625,962.1865234375,1036.763671875,28.966936111450195,900.950439453125,1117.5189208984375
