mean_final,median_final,p10_final,p90_final,std_final,min_final,max_final
999.4077758789062,999.435791015625,965.1610717773438,1033.7813720703125,26.588773727416992,912.6558837890625,1087.056640625
