mean_final,median_final,p10_final,p90_final,std_final,min_final,max_final
999.2514038085938,998.4224853515625,961.757568359375,1037.272216796875,29.628324508666992,891.5587158203125,1105.400634765625
