mean_final,median_final,p10_final,p90_final,std_final,min_final,max_final
999.3502197265625,999.322509765625,967.7935180664062,1031.44482421875,24.925477981567383,910.0663452148438,1085.85009765625
