mean_final,median_final,p10_final,p90_final,std_final,min_final,max_final
999.6790161132812,999.5675659179688,962.7341918945312,1036.5179443359375,29.02083396911621,900.5663452148438,1122.336181640625
