mean_final,median_final,p10_final,p90_final,std_final,min_final,max_final
999.4627075195312,998.9830322265625,962.3197021484375,1037.7467041015625,29.3994140625,893.0700073242188,1125.51806640625
