mean_final,median_final,p10_final,p90_final,std_final,min_final,max_final
999.1671752929688,998.36767578125,961.9013671875,1037.2174072265625,29.442073822021484,894.1817016601562,1122.1143798828125
