mean_final,median_final,p10_final,p90_final,std_final,min_final,max_final
999.8156127929688,999.6612548828125,965.6998901367188,1034.070556640625,26.627426147460938,909.696044921875,1095.5
