mean_final,median_final,p10_final,p90_final,std_final,min_final,max_final
999.1641845703125,999.0742797851562,961.5910034179688,1036.784912109375,29.187467575073242,902.3883666992188,1101.9873046875
