mean_final,median_final,p10_final,p90_final,std_final,min_final,max_final
999.28662109375,998.935791015625,966.979248046875,1032.09423828125,25.521137237548828,894.8802490234375,1116.0006103515625
