mean_final,median_final,p10_final,p90_final,std_final,min_final,max_final
999.8519287109375,999.5474853515625,967.5242309570312,1032.867431640625,25.555400848388672,912.0142211914062,1103.81640625
