mean_final,median_final,p10_final,p90_final,sentiment_used
1288.60693359375,1139.8909912109375,581.775634765625,2142.7421875,0.0
