mean_final,median_final,p10_final,p90_final,std_final,min_final,max_final
998.890625,998.5888061523438,962.3031005859375,1036.538330078125,29.202150344848633,899.9679565429688,1155.987060546875
