mean_final,median_final,p10_final,p90_final,std_final,min_final,max_final
999.6638793945312,999.0775756835938,964.035888671875,1036.6414794921875,28.41592025756836,897.949951171875,1101.8280029296875
