mean_final,median_final,p10_final,p90_final,std_final,min_final,max_final
999.3248901367188,998.9490356445312,965.7522583007812,1034.0657958984375,26.90492820739746,893.5028686523438,1106.9813232421875
