mean_final,median_final,p10_final,p90_final,std_final,min_final,max_final
998.38671875,997.7050170898438,959.8629760742188,1037.9012451171875,30.09162139892578,899.9564819335938,1103.71875
