mean_final,median_final,p10_final,p90_final,sentiment_used
1403.869873046875,1235.1864013671875,655.5615844726562,2348.561279296875,0.0
