mean_final,median_final,p10_final,p90_final,sentiment_used
1326.85205078125,1174.560546875,603.6419067382812,2245.05419921875,0.0
