mean_final,median_final,p10_final,p90_final,std_final,min_final,max_final
999.6820068359375,999.4432983398438,963.042236328125,1035.4376220703125,28.462739944458008,887.5348510742188,1104.372314453125
