mean_final,median_final,p10_final,p90_final,std_final,min_final,max_final
998.5272216796875,998.1666259765625,961.3573608398438,1036.310546875,28.868974685668945,889.9408569335938,1103.6368408203125
