mean_final,median_final,p10_final,p90_final,std_final,min_final,max_final
998.9888916015625,998.5416870117188,960.2681274414062,1038.015625,29.804410934448242,909.3512573242188,1114.4329833984375
