mean_final,median_final,p10_final,p90_final,std_final,min_final,max_final
999.0369873046875,999.0269775390625,966.1054077148438,1031.9307861328125,25.41377830505371,920.4845581054688,1090.0906982421875
