mean_final,median_final,p10_final,p90_final,std_final,min_final,max_final
999.4290771484375,998.9244384765625,964.4645385742188,1035.119873046875,27.946683883666992,901.2838134765625,1131.177734375
