mean_final,median_final,p10_final,p90_final,std_final,min_final,max_final
999.6364135742188,999.1597290039062,964.064208984375,1035.394775390625,27.778575897216797,905.6874389648438,1113.0169677734375
