mean_final,median_final,p10_final,p90_final,sentiment_used
1313.5860595703125,1144.851318359375,595.4932861328125,2219.00439453125,0.0
