mean_final,median_final,p10_final,p90_final,std_final,min_final,max_final
998.9451904296875,998.8115234375,961.9395751953125,1036.8897705078125,29.25300407409668,907.9949340820312,1112.724365234375
