mean_final,median_final,p10_final,p90_final,sentiment_used
1230.55615234375,1077.075927734375,555.6976318359375,2089.018310546875,0.0
