mean_final,median_final,p10_final,p90_final,std_final,min_final,max_final
999.94970703125,999.208251953125,965.6199951171875,1034.876220703125,27.156930923461914,911.1572875976562,1097.752685546875
