mean_final,median_final,p10_final,p90_final,sentiment_used
65564.3125,57551.828125,29242.986328125,111741.2265625,0.08737689393939393
