mean_final,median_final,p10_final,p90_final,std_final,min_final,max_final
999.4127197265625,998.8715209960938,966.7493286132812,1032.1817626953125,25.58916664123535,918.9900512695312,1100.24658203125
