mean_final,median_final,p10_final,p90_final,std_final,min_final,max_final
998.8673706054688,998.629150390625,966.129150390625,1031.265869140625,25.293787002563477,909.0421752929688,1086.353271484375
