mean_final,median_final,p10_final,p90_final,std_final,min_final,max_final
999.0584716796875,998.7833862304688,966.9931640625,1031.4530029296875,25.020708084106445,916.587890625,1093.6239013671875
