mean_final,median_final,p10_final,p90_final,sentiment_used
1254.3065185546875,1098.40869140625,564.9884643554688,2118.798828125,0.0
