mean_final,median_final,p10_final,p90_final,std_final,min_final,max_final
999.6436157226562,998.8987426757812,964.7617797851562,1034.1883544921875,27.13096046447754,897.8234252929688,1105.9307861328125
