mean_final,median_final,p10_final,p90_final,std_final,min_final,max_final
998.4169921875,998.3552856445312,961.4318237304688,1035.431640625,28.75613021850586,905.539794921875,1104.1171875
