mean_final,median_final,p10_final,p90_final,std_final,min_final,max_final
999.3154296875,999.1082153320312,962.2865600585938,1036.48095703125,28.901185989379883,897.4583129882812,1122.9349365234375
