mean_final,median_final,p10_final,p90_final,std_final,min_final,max_final
999.8477783203125,999.506103515625,968.1533813476562,1032.202392578125,25.06279945373535,912.8341674804688,1090.3829345703125
