mean_final,median_final,p10_final,p90_final,sentiment_used
1246.1832275390625,1100.3116455078125,567.2840576171875,2116.079833984375,0.0
