mean_final,median_final,p10_final,p90_final,std_final,min_final,max_final
999.7973022460938,999.04931640625,964.4584350585938,1035.2655029296875,27.315935134887695,912.7945556640625,1086.0948486328125
