mean_final,median_final,p10_final,p90_final,std_final,min_final,max_final
999.1806030273438,998.927490234375,967.2377319335938,1031.93896484375,25.269933700561523,911.750244140625,1106.7607421875
