mean_final,median_final,p10_final,p90_final,std_final,min_final,max_final
999.8742065429688,999.2386474609375,963.778076171875,1036.755859375,28.194364547729492,895.9882202148438,1114.94580078125
