mean_final,median_final,p10_final,p90_final,std_final,min_final,max_final
999.2379150390625,998.830810546875,962.603271484375,1036.591552734375,28.910728454589844,888.1035766601562,1110.421142578125
