mean_final,median_final,p10_final,p90_final,std_final,min_final,max_final
998.6220092773438,998.4472045898438,962.5164794921875,1035.4287109375,28.716156005859375,902.2862548828125,1113.060302734375
