mean_final,median_final,p10_final,p90_final,std_final,min_final,max_final
999.0250244140625,998.5507202148438,961.5045776367188,1036.9964599609375,29.460643768310547,880.61474609375,1117.064453125
