mean_final,median_final,p10_final,p90_final,std_final,min_final,max_final
999.3621215820312,999.2261352539062,966.0548706054688,1031.5518798828125,25.373071670532227,908.4776000976562,1091.2528076171875
