mean_final,median_final,p10_final,p90_final,sentiment_used
1379.7508544921875,1218.626708984375,644.7510375976562,2310.365478515625,0.0
