mean_final,median_final,p10_final,p90_final,std_final,min_final,max_final
999.5582885742188,999.9208374023438,965.6248168945312,1033.2972412109375,26.547378540039062,896.6025390625,1103.7574462890625
