mean_final,median_final,p10_final,p90_final,std_final,min_final,max_final
999.47900390625,998.8270874023438,962.7351684570312,1038.3468017578125,29.247020721435547,890.1906127929688,1123.4715576171875
