mean_final,median_final,p10_final,p90_final,std_final,min_final,max_final
999.2208251953125,999.2302856445312,965.03173828125,1034.4197998046875,27.211078643798828,910.71826171875,1091.5074462890625
