mean_final,median_final,p10_final,p90_final,std_final,min_final,max_final
998.6118774414062,997.4239501953125,962.0184326171875,1036.1195068359375,28.914791107177734,894.094970703125,1114.07373046875
