mean_final,median_final,p10_final,p90_final,std_final,min_final,max_final
999.5125732421875,999.03564453125,967.11474609375,1032.8555908203125,25.525897979736328,915.6987915039062,1082.98388671875
