mean_final,median_final,p10_final,p90_final,std_final,min_final,max_final
998.6300048828125,998.5908813476562,960.5849609375,1036.0855712890625,29.390804290771484,881.9765625,1112.018310546875
