mean_final,median_final,p10_final,p90_final,std_final,min_final,max_final
999.1878051757812,998.9085083007812,966.6947021484375,1032.213134765625,25.55119514465332,911.4209594726562,1103.9061279296875
