mean_final,median_final,p10_final,p90_final,std_final,min_final,max_final
999.4407958984375,999.5556640625,966.142333984375,1032.9420166015625,26.182249069213867,906.2515869140625,1101.176025390625
