mean_final,median_final,p10_final,p90_final,std_final,min_final,max_final
999.4276123046875,998.958251953125,968.0310668945312,1031.9134521484375,24.946733474731445,916.3425903320312,1099.740478515625
