mean_final,median_final,p10_final,p90_final,std_final,min_final,max_final
999.7474975585938,999.5262451171875,965.1953735351562,1033.836669921875,26.593547821044922,914.0984497070312,1101.02783203125
