mean_final,median_final,p10_final,p90_final,std_final,min_final,max_final
999.3214721679688,998.6773071289062,963.5597534179688,1035.4835205078125,28.135835647583008,906.3135986328125,1112.1241455078125
