mean_final,median_final,p10_final,p90_final,std_final,min_final,max_final
999.5051879882812,998.8168334960938,964.9739990234375,1034.57421875,26.987258911132812,910.2216796875,1124.165283203125
