mean_final,median_final,p10_final,p90_final,std_final,min_final,max_final
999.385009765625,998.572265625,967.8109130859375,1031.2027587890625,24.70984649658203,903.8084106445312,1100.8367919921875
