mean_final,median_final,p10_final,p90_final,sentiment_used
1371.881591796875,1210.306396484375,651.5352172851562,2289.71533203125,0.0
