mean_final,median_final,p10_final,p90_final,std_final,min_final,max_final
999.1376953125,998.9632568359375,961.5574340820312,1037.5653076171875,29.568614959716797,902.0103149414062,1098.5360107421875
