mean_final,median_final,p10_final,p90_final,sentiment_used
1375.8924560546875,1235.8052978515625,649.4613037109375,2290.6748046875,0.0
