mean_final,median_final,p10_final,p90_final,std_final,min_final,max_final
999.4622192382812,999.665771484375,966.5929565429688,1032.5391845703125,25.487316131591797,912.2996215820312,1097.2840576171875
