mean_final,median_final,p10_final,p90_final,std_final,min_final,max_final
999.2457885742188,998.9404907226562,961.79296875,1036.58935546875,29.34438133239746,898.2706298828125,1121.7974853515625
