mean_final,median_final,p10_final,p90_final,std_final,min_final,max_final
999.125,999.1892700195312,962.7019653320312,1035.5081787109375,28.38364601135254,892.4017944335938,1103.9130859375
