mean_final,median_final,p10_final,p90_final,sentiment_used
1306.2806396484375,1143.93798828125,580.3727416992188,2195.50146484375,0.0
