mean_final,median_final,p10_final,p90_final,std_final,min_final,max_final
999.4552001953125,999.250244140625,963.5953979492188,1034.940185546875,27.95709228515625,898.1463012695312,1099.4443359375
