mean_final,median_final,p10_final,p90_final,std_final,min_final,max_final
999.7495727539062,998.9522705078125,966.5157470703125,1033.7291259765625,26.28095054626465,916.245849609375,1096.647216796875
