mean_final,median_final,p10_final,p90_final,std_final,min_final,max_final
999.3126831054688,998.829833984375,961.896728515625,1037.614013671875,29.606294631958008,894.46484375,1107.7586669921875
