mean_final,median_final,p10_final,p90_final,sentiment_used
1196.4671630859375,1045.2462158203125,538.2489013671875,2052.645263671875,0.0
