mean_final,median_final,p10_final,p90_final,std_final,min_final,max_final
999.086669921875,998.8281860351562,967.4867553710938,1031.588623046875,25.2841739654541,909.9764404296875,1094.968994140625
