mean_final,median_final,p10_final,p90_final,sentiment_used
1421.134765625,1246.4659423828125,655.736328125,2384.1787109375,0.0
