mean_final,median_final,p10_final,p90_final,sentiment_used
1168.9154052734375,1032.0240478515625,536.1344604492188,1984.19921875,0.0
