mean_final,median_final,p10_final,p90_final,sentiment_used
1309.1658935546875,1137.7408447265625,588.263427734375,2219.697998046875,0.0
