mean_final,median_final,p10_final,p90_final,std_final,min_final,max_final
998.7802734375,998.8563842773438,964.0568237304688,1034.40771484375,27.546092987060547,883.4257202148438,1107.32861328125
