mean_final,median_final,p10_final,p90_final,std_final,min_final,max_final
999.4730224609375,999.57177734375,967.2970581054688,1032.5421142578125,25.386449813842773,913.72509765625,1100.68212890625
