mean_final,median_final,p10_final,p90_final,std_final,min_final,max_final
998.62841796875,997.9827880859375,960.3165893554688,1036.8385009765625,30.314035415649414,884.8555297851562,1119.52099609375
