mean_final,median_final,p10_final,p90_final,std_final,min_final,max_final
999.4783935546875,998.8468017578125,964.133544921875,1034.779052734375,27.482730865478516,896.9822998046875,1106.8896484375
