mean_final,median_final,p10_final,p90_final,std_final,min_final,max_final
999.2183837890625,999.0908203125,965.67724609375,1033.1910400390625,26.31368637084961,896.6650390625,1085.34716796875
