mean_final,median_final,p10_final,p90_final,std_final,min_final,max_final
999.8897094726562,999.7471923828125,965.5585327148438,1034.0748291015625,26.786209106445312,893.8739013671875,1098.8154296875
