mean_final,median_final,p10_final,p90_final,std_final,min_final,max_final
999.2362060546875,998.82470703125,963.954345703125,1035.386474609375,27.900754928588867,916.7252807617188,1110.98291015625
