mean_final,median_final,p10_final,p90_final,std_final,min_final,max_final
999.1715698242188,998.6196899414062,963.81982421875,1034.915283203125,27.677339553833008,889.4415893554688,1105.5333251953125
