mean_final,median_final,p10_final,p90_final,std_final,min_final,max_final
999.05126953125,998.6469116210938,961.0513305664062,1037.5733642578125,29.481151580810547,882.6730346679688,1127.728271484375
