mean_final,median_final,p10_final,p90_final,std_final,min_final,max_final
1000.0278930664062,999.8173828125,964.5746459960938,1035.7410888671875,27.763961791992188,886.22998046875,1108.363525390625
