mean_final,median_final,p10_final,p90_final,sentiment_used
1235.07470703125,1087.092529296875,558.5134887695312,2090.00244140625,0.0
