mean_final,median_final,p10_final,p90_final,sentiment_used
1392.7998046875,1234.8189697265625,655.1983032226562,2328.178955078125,0.0
