mean_final,median_final,p10_final,p90_final,std_final,min_final,max_final
998.2962036132812,997.6318969726562,961.099853515625,1036.080322265625,29.52865982055664,892.3367919921875,1110.85205078125
