mean_final,median_final,p10_final,p90_final,std_final,min_final,max_final
1000.0565795898438,999.954833984375,965.1448364257812,1034.587646484375,27.348745346069336,894.1173706054688,1094.6668701171875
