mean_final,median_final,p10_final,p90_final,std_final,min_final,max_final
998.4879760742188,998.505859375,962.1536865234375,1035.6409912109375,28.538564682006836,901.9595336914062,1127.7698974609375
