mean_final,median_final,p10_final,p90_final,std_final,min_final,max_final
998.9190063476562,998.0939331054688,962.232421875,1035.979736328125,29.265958786010742,875.691650390625,1115.633544921875
