mean_final,median_final,p10_final,p90_final,std_final,min_final,max_final
998.6765747070312,997.7275390625,962.37939453125,1036.3245849609375,28.79320526123047,906.46044921875,1100.32421875
