mean_final,median_final,p10_final,p90_final,std_final,min_final,max_final
999.3079833984375,998.899169921875,961.904052734375,1037.9287109375,29.440370559692383,905.7144775390625,1114.213134765625
