mean_final,median_final,p10_final,p90_final,sentiment_used
919.4666137695312,822.9298706054688,456.0592956542969,1524.75244140625,0.0
