mean_final,median_final,p10_final,p90_final,std_final,min_final,max_final
998.3560180664062,998.1194458007812,961.126220703125,1036.3575439453125,29.5170955657959,895.6707763671875,1124.412353515625
