mean_final,median_final,p10_final,p90_final,std_final,min_final,max_final
999.2432250976562,999.0875854492188,961.0829467773438,1038.273681640625,29.781883239746094,890.452392578125,1106.0921630859375
