mean_final,median_final,p10_final,p90_final,std_final,min_final,max_final
999.5330200195312,998.923828125,962.4697265625,1036.728759765625,29.026473999023438,902.9114990234375,1123.9320068359375
