mean_final,median_final,p10_final,p90_final,std_final,min_final,max_final
999.4171142578125,998.2896118164062,963.3560180664062,1037.33056640625,28.708114624023438,872.4169311523438,1098.232177734375
