mean_final,median_final,p10_final,p90_final,sentiment_used
1359.00244140625,1220.58935546875,623.2578735351562,2271.780517578125,0.0
