mean_final,median_final,p10_final,p90_final,std_final,min_final,max_final
999.2570190429688,998.9397583007812,966.627197265625,1032.2674560546875,25.85541534423828,908.7842407226562,1112.512451171875
