mean_final,median_final,p10_final,p90_final,sentiment_used
1420.039794921875,1249.5645751953125,672.5093383789062,2397.8994140625,0.0
