mean_final,median_final,p10_final,p90_final,std_final,min_final,max_final
999.3126220703125,998.9609375,963.6467895507812,1034.862548828125,27.841293334960938,901.5056762695312,1101.6776123046875
