mean_final,median_final,p10_final,p90_final,std_final,min_final,max_final
999.89501953125,999.2662353515625,968.0662231445312,1032.8614501953125,25.377086639404297,916.955810546875,1086.9442138671875
