mean_final,median_final,p10_final,p90_final,sentiment_used
1369.5616455078125,1221.287353515625,645.8363037109375,2269.5595703125,0.0
