mean_final,median_final,p10_final,p90_final,std_final,min_final,max_final
1000.1253051757812,999.6983032226562,966.3101806640625,1034.3040771484375,26.676992416381836,911.3173828125,1110.1636962890625
