mean_final,median_final,p10_final,p90_final,std_final,min_final,max_final
999.4622192382812,999.060546875,964.653076171875,1034.578369140625,27.183658599853516,912.2061767578125,1106.9541015625
