mean_final,median_final,p10_final,p90_final,sentiment_used
910.2628173828125,816.8619995117188,433.6644592285156,1497.208251953125,0.0
