mean_final,median_final,p10_final,p90_final,std_final,min_final,max_final
999.35498046875,998.8016357421875,963.3793334960938,1035.3250732421875,28.201143264770508,904.872314453125,1115.09033203125
