mean_final,median_final,p10_final,p90_final,std_final,min_final,max_final
999.1406860351562,998.8345947265625,967.2057495117188,1031.2529296875,24.950101852416992,895.2677001953125,1088.0521240234375
