mean_final,median_final,p10_final,p90_final,std_final,min_final,max_final
999.7913818359375,999.3446655273438,965.2068481445312,1034.7135009765625,27.165817260742188,903.684326171875,1110.6522216796875
