mean_final,median_final,p10_final,p90_final,std_final,min_final,max_final
999.5911865234375,998.9290771484375,965.4318237304688,1034.7593994140625,27.254600524902344,906.2256469726562,1089.396728515625
