mean_final,median_final,p10_final,p90_final,std_final,min_final,max_final
998.8745727539062,998.3206787109375,963.505859375,1035.1912841796875,27.944833755493164,905.3438110351562,1100.01318359375
