mean_final,median_final,p10_final,p90_final,std_final,min_final,max_final
999.41162109375,999.0824584960938,967.9000244140625,1031.8319091796875,25.1791934967041,913.0875854492188,1097.2974853515625
