mean_final,median_final,p10_final,p90_final,std_final,min_final,max_final
999.3638916015625,999.5758056640625,968.2039794921875,1030.25830078125,24.45445442199707,911.5064697265625,1092.6046142578125
