mean_final,median_final,p10_final,p90_final,std_final,min_final,max_final
999.3973999023438,999.0001220703125,968.1073608398438,1031.404541015625,24.864770889282227,913.0665893554688,1095.3778076171875
