mean_final,median_final,p10_final,p90_final,sentiment_used
1215.3751220703125,1070.99560546875,560.7969970703125,2044.2474365234375,0.0
