mean_final,median_final,p10_final,p90_final,sentiment_used
919.3265991210938,824.4854736328125,447.4421081542969,1505.47998046875,0.0
