mean_final,median_final,p10_final,p90_final,std_final,min_final,max_final
999.0223999023438,998.9285888671875,965.015869140625,1032.93115234375,26.62583351135254,900.6992797851562,1129.3255615234375
