mean_final,median_final,p10_final,p90_final,std_final,min_final,max_final
999.214599609375,999.0646362304688,964.8977661132812,1034.27880859375,26.9951114654541,902.2459106445312,1088.1998291015625
