mean_final,median_final,p10_final,p90_final,std_final,min_final,max_final
999.0809936523438,998.8433227539062,967.3514404296875,1031.546142578125,25.187084197998047,917.5072631835938,1085.5037841796875
