mean_final,median_final,p10_final,p90_final,sentiment_used
901.2808837890625,806.9940795898438,434.0623779296875,1455.6055908203125,0.0
