mean_final,median_final,p10_final,p90_final,std_final,min_final,max_final
999.0982055664062,999.1657104492188,966.8749389648438,1030.6358642578125,25.22713279724121,907.8720092773438,1098.1905517578125
