mean_final,median_final,p10_final,p90_final,std_final,min_final,max_final
999.4923095703125,999.1380004882812,961.8456420898438,1037.58251953125,29.334590911865234,893.304443359375,1107.347900390625
