mean_final,median_final,p10_final,p90_final,sentiment_used
1331.3653564453125,1193.3731689453125,637.8175048828125,2176.489990234375,0.0
