mean_final,median_final,p10_final,p90_final,std_final,min_final,max_final
999.051513671875,998.6886596679688,967.9409790039062,1030.9410400390625,24.734472274780273,914.3201293945312,1089.3338623046875
