mean_final,median_final,p10_final,p90_final,std_final,min_final,max_final
999.3115844726562,999.3428344726562,961.679443359375,1036.3841552734375,28.878671646118164,889.4940795898438,1103.426025390625
