mean_final,median_final,p10_final,p90_final,sentiment_used
175545.453125,154374.171875,78504.3125,295669.34375,0.10988720538720541
