mean_final,median_final,p10_final,p90_final,sentiment_used
1224.1776123046875,1078.2816162109375,562.5298461914062,2048.221435546875,0.0
