mean_final,median_final,p10_final,p90_final,std_final,min_final,max_final
999.2369995117188,998.8662719726562,966.9658203125,1032.489990234375,25.323015213012695,899.167724609375,1098.1334228515625
