mean_final,median_final,p10_final,p90_final,std_final,min_final,max_final
1000.0560302734375,999.2232055664062,966.0748901367188,1034.494873046875,26.99195098876953,914.3735961914062,1095.4366455078125
