mean_final,median_final,p10_final,p90_final,std_final,min_final,max_final
999.0117797851562,997.83740234375,961.8968505859375,1037.333251953125,29.56294822692871,901.1034545898438,1103.980712890625
