mean_final,median_final,p10_final,p90_final,std_final,min_final,max_final
998.9672241210938,998.464111328125,966.9566040039062,1031.3929443359375,25.473758697509766,915.8963623046875,1107.4283447265625
