mean_final,median_final,p10_final,p90_final,std_final,min_final,max_final
999.5426025390625,999.2408447265625,963.031005859375,1036.37158203125,29.121469497680664,894.3576049804688,1122.776123046875
