mean_final,median_final,p10_final,p90_final,std_final,min_final,max_final
1000.1439819335938,999.1856689453125,964.4645385742188,1035.693603515625,27.87939453125,895.3212280273438,1102.9239501953125
