mean_final,median_final,p10_final,p90_final,sentiment_used
1129.1153564453125,990.60693359375,505.69390869140625,1909.05126953125,0.0
