mean_final,median_final,p10_final,p90_final,std_final,min_final,max_final
999.2661743164062,999.1602172851562,964.8283081054688,1033.98681640625,26.804752349853516,895.6331176757812,1099.6282958984375
