mean_final,median_final,p10_final,p90_final,std_final,min_final,max_final
999.7509765625,999.499755859375,966.3935546875,1033.7137451171875,26.4537410736084,914.31298828125,1097.492919921875
