mean_final,median_final,p10_final,p90_final,std_final,min_final,max_final
998.6906127929688,998.5032348632812,965.3256225585938,1032.7529296875,26.645206451416016,910.1953735351562,1105.1597900390625
