mean_final,median_final,p10_final,p90_final,std_final,min_final,max_final
998.7780151367188,997.9898071289062,960.53515625,1037.5882568359375,30.02020263671875,894.2554931640625,1128.7125244140625
