mean_final,median_final,p10_final,p90_final,std_final,min_final,max_final
998.5186157226562,998.037841796875,962.7039184570312,1035.2269287109375,28.351966857910156,904.44970703125,1095.295654296875
