mean_final,median_final,p10_final,p90_final,std_final,min_final,max_final
999.2354736328125,998.5999755859375,964.9085693359375,1033.839111328125,26.959190368652344,907.9031372070312,1108.237548828125
