mean_final,median_final,p10_final,p90_final,std_final,min_final,max_final
999.5733032226562,998.973388671875,963.835205078125,1035.0201416015625,27.96023178100586,901.4827270507812,1104.9520263671875
