mean_final,median_final,p10_final,p90_final,std_final,min_final,max_final
998.1052856445312,997.7479248046875,962.5028076171875,1034.2813720703125,28.373306274414062,886.4573364257812,1130.770751953125
