mean_final,median_final,p10_final,p90_final,std_final,min_final,max_final
999.3029174804688,999.233154296875,965.1954345703125,1033.3817138671875,26.67828369140625,895.122802734375,1099.4141845703125
