mean_final,median_final,p10_final,p90_final,std_final,min_final,max_final
999.1317749023438,998.6535034179688,961.7817993164062,1037.32177734375,29.330732345581055,908.6473999023438,1108.2208251953125
