mean_final,median_final,p10_final,p90_final,std_final,min_final,max_final
999.4564819335938,998.9136962890625,965.9631958007812,1033.791748046875,26.501331329345703,920.9179077148438,1119.9964599609375
