mean_final,median_final,p10_final,p90_final,std_final,min_final,max_final
999.26611328125,998.8388061523438,967.444091796875,1031.6854248046875,25.101524353027344,913.1222534179688,1103.8626708984375
