mean_final,median_final,p10_final,p90_final,std_final,min_final,max_final
1000.1688232421875,999.2926635742188,965.328857421875,1034.5955810546875,27.504297256469727,901.8106079101562,1111.16796875
