mean_final,median_final,p10_final,p90_final,sentiment_used
225039.203125,199597.734375,104322.9375,377258.375,0.1141325456950457
