mean_final,median_final,p10_final,p90_final,std_final,min_final,max_final
998.6182250976562,998.55419921875,961.3291015625,1035.9678955078125,29.210695266723633,899.4365844726562,1135.716796875
