mean_final,median_final,p10_final,p90_final,sentiment_used
1294.369140625,1134.1644287109375,587.89892578125,2176.949462890625,0.0
