mean_final,median_final,p10_final,p90_final,std_final,min_final,max_final
999.8187866210938,999.1434326171875,965.6803588867188,1034.8428955078125,27.11127281188965,910.4859619140625,1110.063232421875
