mean_final,median_final,p10_final,p90_final,std_final,min_final,max_final
999.3181762695312,998.8309936523438,961.8180541992188,1038.29833984375,29.630109786987305,898.868896484375,1119.4224853515625
