mean_final,median_final,p10_final,p90_final,sentiment_used
1195.13916015625,1044.208984375,537.7870483398438,2029.705078125,0.0
