mean_final,median_final,p10_final,p90_final,sentiment_used
1105.5662841796875,974.4441528320312,509.09454345703125,1849.41162109375,0.0
