mean_final,median_final,p10_final,p90_final,std_final,min_final,max_final
999.2686767578125,998.174072265625,960.8971557617188,1038.2652587890625,29.8175106048584,895.9874877929688,1111.360107421875
