mean_final,median_final,p10_final,p90_final,std_final,min_final,max_final
1000.8104248046875,1000.1078491210938,967.1919555664062,1034.8717041015625,26.42547607421875,909.7064208984375,1099.538330078125
