mean_final,median_final,p10_final,p90_final,std_final,min_final,max_final
999.0136108398438,998.1384887695312,960.7371826171875,1037.6611328125,29.884674072265625,901.8425903320312,1126.842529296875
