mean_final,median_final,p10_final,p90_final,std_final,min_final,max_final
999.4613037109375,999.6714477539062,963.3596801757812,1035.6795654296875,28.181026458740234,902.7405395507812,1104.415771484375
