mean_final,median_final,p10_final,p90_final,sentiment_used
1170.6109619140625,1016.5322875976562,532.5369262695312,2002.937255859375,0.0
