mean_final,median_final,p10_final,p90_final,std_final,min_final,max_final
998.7246704101562,998.1177978515625,961.043701171875,1036.583251953125,29.38188934326172,905.3006591796875,1118.784423828125
