mean_final,median_final,p10_final,p90_final,sentiment_used
1230.436767578125,1069.841552734375,552.0562744140625,2092.102294921875,0.0
