mean_final,median_final,p10_final,p90_final,std_final,min_final,max_final
998.836181640625,998.069580078125,961.5907592773438,1036.31982421875,29.413253784179688,895.5101928710938,1115.638916015625
