mean_final,median_final,p10_final,p90_final,std_final,min_final,max_final
999.4879760742188,999.1654663085938,967.759033203125,1032.390380859375,25.53091812133789,909.55078125,1096.8050537109375
