mean_final,median_final,p10_final,p90_final,std_final,min_final,max_final
999.6093139648438,999.1163940429688,968.2561645507812,1031.9769287109375,24.813819885253906,903.6597900390625,1090.6414794921875
