mean_final,median_final,p10_final,p90_final,std_final,min_final,max_final
999.1187744140625,998.3786010742188,961.809326171875,1037.0784912109375,29.30475616455078,898.0856323242188,1100.78466796875
