mean_final,median_final,p10_final,p90_final,sentiment_used
1250.117919921875,1089.5216064453125,574.9030151367188,2100.728515625,0.0
