mean_final,median_final,p10_final,p90_final,sentiment_used
1292.7281494140625,1144.5198974609375,604.2068481445312,2171.5439453125,0.0
