mean_final,median_final,p10_final,p90_final,std_final,min_final,max_final
999.2642211914062,998.9051513671875,965.1732788085938,1033.5386962890625,26.955066680908203,905.972900390625,1095.3779296875
