mean_final,median_final,p10_final,p90_final,std_final,min_final,max_final
999.6461791992188,999.5465087890625,967.3007202148438,1031.788330078125,25.182796478271484,901.948486328125,1106.9403076171875
