mean_final,median_final,p10_final,p90_final,std_final,min_final,max_final
999.5485229492188,999.465087890625,966.3687133789062,1033.2191162109375,25.84945297241211,911.8445434570312,1112.939208984375
