mean_final,median_final,p10_final,p90_final,std_final,min_final,max_final
998.9251098632812,999.1888427734375,967.4661865234375,1030.8118896484375,25.07219123840332,910.0974731445312,1086.97119140625
