mean_final,median_final,p10_final,p90_final,sentiment_used
916.1859741210938,817.8287963867188,447.1308288574219,1500.719482421875,0.0
