mean_final,median_final,p10_final,p90_final,std_final,min_final,max_final
999.1614990234375,998.5152587890625,961.9534301757812,1036.6884765625,29.63010025024414,899.317138671875,1127.9659423828125
