mean_final,median_final,p10_final,p90_final,std_final,min_final,max_final
999.3134765625,999.120361328125,966.7191772460938,1032.7120361328125,25.78908920288086,908.1354370117188,1082.7467041015625
