mean_final,median_final,p10_final,p90_final,std_final,min_final,max_final
999.4055786132812,998.5336303710938,965.3258666992188,1034.441650390625,26.76983070373535,906.1680908203125,1097.0760498046875
