mean_final,median_final,p10_final,p90_final,std_final,min_final,max_final
999.27880859375,999.415283203125,967.28125,1031.372314453125,24.97007942199707,910.3128051757812,1088.3358154296875
