mean_final,median_final,p10_final,p90_final,sentiment_used
1332.628173828125,1172.54541015625,623.49853515625,2251.83984375,0.0
