mean_final,median_final,p10_final,p90_final,std_final,min_final,max_final
999.2402954101562,999.4229736328125,962.0619506835938,1036.8779296875,28.80406379699707,890.628662109375,1122.3211669921875
