mean_final,median_final,p10_final,p90_final,std_final,min_final,max_final
999.3535766601562,998.9999389648438,962.6435546875,1035.8349609375,28.439973831176758,886.7549438476562,1115.2374267578125
