mean_final,median_final,p10_final,p90_final,std_final,min_final,max_final
998.956787109375,998.0679321289062,961.8532104492188,1037.7093505859375,29.801788330078125,896.6135864257812,1118.633056640625
