mean_final,median_final,p10_final,p90_final,std_final,min_final,max_final
999.0842895507812,998.5582885742188,962.4324951171875,1036.4041748046875,29.107666015625,907.059326171875,1102.46044921875
