mean_final,median_final,p10_final,p90_final,std_final,min_final,max_final
999.3156127929688,999.2471313476562,966.2325439453125,1032.4791259765625,25.676685333251953,903.1318359375,1090.99267578125
