mean_final,median_final,p10_final,p90_final,std_final,min_final,max_final
999.0048217773438,998.89453125,963.9579467773438,1035.3043212890625,28.01447296142578,897.5591430664062,1091.9998779296875
