mean_final,median_final,p10_final,p90_final,std_final,min_final,max_final
999.5322875976562,999.3583374023438,962.3406372070312,1036.629638671875,29.01665687561035,894.7188720703125,1140.1431884765625
