mean_final,median_final,p10_final,p90_final,std_final,min_final,max_final
999.3944091796875,998.8954467773438,964.8629150390625,1034.7989501953125,27.173629760742188,914.1376953125,1094.452880859375
