mean_final,median_final,p10_final,p90_final,std_final,min_final,max_final
998.8458251953125,998.5133056640625,961.9097900390625,1035.8837890625,28.741188049316406,900.6285400390625,1141.0933837890625
