mean_final,median_final,p10_final,p90_final,sentiment_used
77981.2421875,68525.640625,36376.0546875,130252.8828125,0.09066357022607023
