mean_final,median_final,p10_final,p90_final,std_final,min_final,max_final
999.5446166992188,999.3206176757812,962.1698608398438,1038.767822265625,29.383180618286133,899.7779541015625,1120.1793212890625
