mean_final,median_final,p10_final,p90_final,std_final,min_final,max_final
998.9926147460938,998.8009643554688,966.1884155273438,1032.4482421875,25.761810302734375,909.6971435546875,1106.0067138671875
