mean_final,median_final,p10_final,p90_final,std_final,min_final,max_final
999.1669921875,998.5076293945312,962.1289672851562,1037.02685546875,28.922883987426758,905.182861328125,1103.14697265625
