mean_final,median_final,p10_final,p90_final,std_final,min_final,max_final
999.094482421875,999.1952514648438,966.8763427734375,1031.2071533203125,25.069908142089844,917.209228515625,1089.5223388671875
