mean_final,median_final,p10_final,p90_final,std_final,min_final,max_final
998.490478515625,997.9221801757812,961.450927734375,1035.473876953125,28.957599639892578,891.9817504882812,1104.1383056640625
