mean_final,median_final,p10_final,p90_final,std_final,min_final,max_final
999.3756713867188,998.7847900390625,962.7974853515625,1036.9100341796875,28.888996124267578,906.1150512695312,1098.230224609375
