mean_final,median_final,p10_final,p90_final,std_final,min_final,max_final
999.8646240234375,999.8082275390625,964.4364624023438,1035.3172607421875,27.725589752197266,897.40283203125,1099.1494140625
