mean_final,median_final,p10_final,p90_final,std_final,min_final,max_final
999.7664794921875,998.7557373046875,965.6165771484375,1034.9979248046875,27.022069931030273,907.3194580078125,1098.5299072265625
