mean_final,median_final,p10_final,p90_final,std_final,min_final,max_final
999.1683959960938,998.8807373046875,961.8568725585938,1037.4696044921875,29.29030418395996,901.2374267578125,1103.562744140625
