mean_final,median_final,p10_final,p90_final,std_final,min_final,max_final
998.7031860351562,998.1405029296875,966.5682373046875,1031.4212646484375,25.282936096191406,911.8663330078125,1097.91796875
