mean_final,median_final,p10_final,p90_final,std_final,min_final,max_final
998.6624755859375,998.3786010742188,960.7210693359375,1036.748291015625,29.032001495361328,899.0321044921875,1092.444580078125
