mean_final,median_final,p10_final,p90_final,sentiment_used
925.822021484375,821.4368896484375,449.3417663574219,1525.3277587890625,0.0
