mean_final,median_final,p10_final,p90_final,std_final,min_final,max_final
999.1929931640625,998.3004760742188,962.4830932617188,1037.25146484375,29.24239730834961,913.8547973632812,1103.0537109375
