mean_final,median_final,p10_final,p90_final,std_final,min_final,max_final
999.1079711914062,998.4000854492188,967.1556396484375,1031.490966796875,24.95615005493164,921.3080444335938,1091.2271728515625
