mean_final,median_final,p10_final,p90_final,std_final,min_final,max_final
999.0491943359375,998.787353515625,961.083251953125,1037.0721435546875,29.976482391357422,893.22216796875,1127.9337158203125
