mean_final,median_final,p10_final,p90_final,std_final,min_final,max_final
999.569580078125,999.1522827148438,964.9924926757812,1034.703857421875,27.19805908203125,914.7483520507812,1102.6832275390625
