mean_final,median_final,p10_final,p90_final,std_final,min_final,max_final
999.0491943359375,998.40869140625,962.7606201171875,1035.4696044921875,28.639923095703125,905.6080322265625,1107.9794921875
