mean_final,median_final,p10_final,p90_final,sentiment_used
1184.0806884765625,1047.2799072265625,531.756591796875,1977.71142578125,0.0
