mean_final,median_final,p10_final,p90_final,std_final,min_final,max_final
1000.1243896484375,999.8314819335938,967.2973022460938,1034.7706298828125,26.054439544677734,903.2213134765625,1098.56982421875
