mean_final,median_final,p10_final,p90_final,sentiment_used
1253.9298095703125,1101.76220703125,570.7357177734375,2127.986328125,0.0
