mean_final,median_final,p10_final,p90_final,std_final,min_final,max_final
999.1439208984375,998.864013671875,967.1974487304688,1030.9013671875,24.865234375,908.8680419921875,1093.77880859375
