mean_final,median_final,p10_final,p90_final,std_final,min_final,max_final
999.4649047851562,999.2454833984375,961.21044921875,1037.763671875,29.86244773864746,883.963134765625,1121.0386962890625
