mean_final,median_final,p10_final,p90_final,std_final,min_final,max_final
999.49609375,999.1471557617188,966.9937744140625,1032.7607421875,25.67403221130371,913.3975219726562,1102.2939453125
