mean_final,median_final,p10_final,p90_final,std_final,min_final,max_final
999.163330078125,998.5516967773438,962.6868896484375,1036.8797607421875,29.17742347717285,904.6741943359375,1126.850830078125
