mean_final,median_final,p10_final,p90_final,std_final,min_final,max_final
999.5711059570312,999.37890625,964.23681640625,1035.5294189453125,27.61730194091797,914.1369018554688,1099.8616943359375
