mean_final,median_final,p10_final,p90_final,std_final,min_final,max_final
999.255615234375,998.7079467773438,963.9993896484375,1035.8851318359375,27.97538185119629,908.8623657226562,1132.9669189453125
