mean_final,median_final,p10_final,p90_final,std_final,min_final,max_final
999.1076049804688,998.7925415039062,960.810302734375,1038.6151123046875,29.776302337646484,900.0062255859375,1113.345458984375
