mean_final,median_final,p10_final,p90_final,std_final,min_final,max_final
999.5426025390625,999.0203857421875,965.6651611328125,1034.264404296875,26.754375457763672,903.413330078125,1099.9512939453125
