mean_final,median_final,p10_final,p90_final,std_final,min_final,max_final
998.87109375,998.5905151367188,961.8560180664062,1035.93701171875,29.033672332763672,896.5316772460938,1138.926513671875
