mean_final,median_final,p10_final,p90_final,std_final,min_final,max_final
999.2442016601562,998.5801391601562,963.030517578125,1037.072998046875,28.7990779876709,902.2504272460938,1113.14794921875
