mean_final,median_final,p10_final,p90_final,std_final,min_final,max_final
999.0352172851562,998.6063232421875,961.4118041992188,1036.345947265625,29.368717193603516,907.4105224609375,1110.517333984375
