mean_final,median_final,p10_final,p90_final,std_final,min_final,max_final
998.7576904296875,998.216064453125,959.7174682617188,1038.516845703125,30.28354835510254,892.6559448242188,1095.52001953125
