mean_final,median_final,p10_final,p90_final,std_final,min_final,max_final
999.8809204101562,999.1607666015625,962.8036499023438,1037.2921142578125,29.190637588500977,903.8517456054688,1106.4681396484375
