mean_final,median_final,p10_final,p90_final,sentiment_used
915.2548217773438,822.7202758789062,441.5360412597656,1495.964599609375,0.0
