mean_final,median_final,p10_final,p90_final,sentiment_used
1158.0701904296875,1008.6053466796875,522.1456909179688,1988.4505615234375,0.0
