mean_final,median_final,p10_final,p90_final,std_final,min_final,max_final
999.434326171875,998.6660766601562,967.6173706054688,1032.30517578125,25.093305587768555,914.248046875,1092.1505126953125
