mean_final,median_final,p10_final,p90_final,std_final,min_final,max_final
1000.1906127929688,999.570556640625,966.0674438476562,1034.8682861328125,26.622325897216797,913.8795776367188,1099.7860107421875
