mean_final,median_final,p10_final,p90_final,std_final,min_final,max_final
998.827392578125,998.5877685546875,961.340576171875,1036.9869384765625,29.480976104736328,890.9700927734375,1127.152099609375
