mean_final,median_final,p10_final,p90_final,std_final,min_final,max_final
999.0455932617188,998.5236206054688,967.3745727539062,1031.3037109375,24.99881935119629,908.72216796875,1102.6138916015625
