mean_final,median_final,p10_final,p90_final,sentiment_used
1395.09326171875,1236.0469970703125,667.2155151367188,2325.913818359375,0.0
