mean_final,median_final,p10_final,p90_final,std_final,min_final,max_final
999.3181762695312,998.6795043945312,961.7050170898438,1037.8388671875,29.675310134887695,888.6988525390625,1121.3912353515625
