mean_final,median_final,p10_final,p90_final,std_final,min_final,max_final
999.0258178710938,998.4006958007812,962.7603759765625,1035.875,28.85009002685547,903.2313232421875,1136.6641845703125
