mean_final,median_final,p10_final,p90_final,std_final,min_final,max_final
999.2843017578125,998.6398315429688,967.6721801757812,1030.9315185546875,24.936941146850586,913.9996948242188,1103.42822265625
