mean_final,median_final,p10_final,p90_final,std_final,min_final,max_final
999.2918090820312,999.579345703125,967.3409423828125,1031.4654541015625,25.22509765625,892.7240600585938,1095.646484375
