mean_final,median_final,p10_final,p90_final,std_final,min_final,max_final
998.7683715820312,998.048828125,960.2119140625,1036.8875732421875,29.83796501159668,887.7059326171875,1115.923828125
