mean_final,median_final,p10_final,p90_final,sentiment_used
1215.1273193359375,1056.5771484375,547.1000366210938,2086.639404296875,0.0
