mean_final,median_final,p10_final,p90_final,sentiment_used
1168.8251953125,1014.699462890625,527.602294921875,1964.9683837890625,0.0
