mean_final,median_final,p10_final,p90_final,std_final,min_final,max_final
998.7819213867188,998.3770141601562,963.6953735351562,1034.5316162109375,28.071353912353516,876.186767578125,1092.5457763671875
