mean_final,median_final,p10_final,p90_final,std_final,min_final,max_final
999.4749145507812,998.8762817382812,963.9423828125,1035.1693115234375,28.005216598510742,903.3291015625,1096.1474609375
