mean_final,median_final,p10_final,p90_final,std_final,min_final,max_final
998.878173828125,998.55810546875,962.5986938476562,1035.3958740234375,28.34769630432129,904.93798828125,1091.903076171875
