mean_final,median_final,p10_final,p90_final,std_final,min_final,max_final
998.9957885742188,998.1477661132812,961.9407958984375,1036.6541748046875,29.587675094604492,884.220703125,1103.711669921875
