mean_final,median_final,p10_final,p90_final,std_final,min_final,max_final
998.5311889648438,998.4659423828125,961.5933837890625,1035.01513671875,28.67095184326172,904.4619750976562,1133.9796142578125
