mean_final,median_final,p10_final,p90_final,std_final,min_final,max_final
1000.0751953125,999.8386840820312,962.1077270507812,1038.6171875,29.75347137451172,900.5017700195312,1116.6129150390625
