mean_final,median_final,p10_final,p90_final,std_final,min_final,max_final
999.9992065429688,999.2763061523438,968.0198974609375,1032.6988525390625,25.21973419189453,917.357666015625,1093.681884765625
