mean_final,median_final,p10_final,p90_final,std_final,min_final,max_final
998.6296997070312,998.2291259765625,966.9020385742188,1030.6419677734375,25.16556167602539,909.9273071289062,1088.1239013671875
