mean_final,median_final,p10_final,p90_final,std_final,min_final,max_final
998.4556274414062,997.42041015625,961.6592407226562,1036.156494140625,28.99504280090332,906.0702514648438,1128.865234375
