mean_final,median_final,p10_final,p90_final,std_final,min_final,max_final
998.8878173828125,998.59619140625,960.8182373046875,1037.79345703125,29.810453414916992,895.0868530273438,1104.0504150390625
