mean_final,median_final,p10_final,p90_final,std_final,min_final,max_final
999.2463989257812,998.6254272460938,963.0479736328125,1036.145263671875,28.646257400512695,900.4795532226562,1099.3212890625
