mean_final,median_final,p10_final,p90_final,std_final,min_final,max_final
998.4758911132812,998.0980224609375,961.9500732421875,1035.355224609375,28.992143630981445,894.7545166015625,1118.369140625
