mean_final,median_final,p10_final,p90_final,sentiment_used
1340.3984375,1186.9735107421875,629.886474609375,2254.3310546875,0.0
