mean_final,median_final,p10_final,p90_final,std_final,min_final,max_final
999.1873779296875,998.8085327148438,966.337646484375,1032.9951171875,25.902790069580078,906.95751953125,1097.671875
