mean_final,median_final,p10_final,p90_final,std_final,min_final,max_final
999.4942016601562,999.1317138671875,961.9700317382812,1037.5936279296875,29.027774810791016,895.505126953125,1099.5499267578125
