mean_final,median_final,p10_final,p90_final,std_final,min_final,max_final
999.767578125,999.3291015625,965.304931640625,1034.8966064453125,27.487369537353516,906.0473022460938,1119.03271484375
