mean_final,median_final,p10_final,p90_final,std_final,min_final,max_final
999.1812133789062,998.3584594726562,962.3411254882812,1037.080078125,28.8928279876709,891.9578857421875,1097.395263671875
