mean_final,median_final,p10_final,p90_final,std_final,min_final,max_final
999.231689453125,998.866455078125,961.7137451171875,1036.7730712890625,29.192657470703125,896.2315063476562,1098.7930908203125
