mean_final,median_final,p10_final,p90_final,sentiment_used
1242.6153564453125,1080.7015380859375,557.5878295898438,2130.7158203125,0.0
