mean_final,median_final,p10_final,p90_final,std_final,min_final,max_final
999.1207885742188,998.7103271484375,967.0191040039062,1031.3492431640625,25.08662223815918,905.3346557617188,1089.495361328125
