mean_final,median_final,p10_final,p90_final,std_final,min_final,max_final
999.1273193359375,998.7493896484375,966.60888671875,1032.377197265625,25.393930435180664,919.4102783203125,1085.6646728515625
