mean_final,median_final,p10_final,p90_final,sentiment_used
1118.4927978515625,981.8187866210938,514.8799438476562,1879.19873046875,0.0
