mean_final,median_final,p10_final,p90_final,std_final,min_final,max_final
1000.0125732421875,999.81396484375,967.9979858398438,1032.0111083984375,24.821266174316406,911.6978759765625,1102.3016357421875
