mean_final,median_final,p10_final,p90_final,std_final,min_final,max_final
999.2235717773438,998.5263061523438,963.7554321289062,1036.0662841796875,28.453411102294922,909.721923828125,1095.9046630859375
