mean_final,median_final,p10_final,p90_final,sentiment_used
923.2899169921875,827.1982421875,446.73089599609375,1511.954833984375,0.0
