mean_final,median_final,p10_final,p90_final,sentiment_used
1318.241455078125,1160.8275146484375,612.5492553710938,2196.649169921875,0.0
