mean_final,median_final,p10_final,p90_final,std_final,min_final,max_final
998.9813842773438,998.2529296875,961.7748413085938,1037.7047119140625,29.726802825927734,892.4509887695312,1108.635498046875
