mean_final,median_final,p10_final,p90_final,sentiment_used
1217.910400390625,1063.8038330078125,547.2433471679688,2056.22265625,0.0
