mean_final,median_final,p10_final,p90_final,std_final,min_final,max_final
998.434814453125,997.9385986328125,961.0472412109375,1037.2911376953125,29.472122192382812,897.9422607421875,1114.26171875
