mean_final,median_final,p10_final,p90_final,std_final,min_final,max_final
999.9003295898438,999.8394775390625,964.6941528320312,1034.6292724609375,27.397043228149414,902.9574584960938,1106.8365478515625
