mean_final,median_final,p10_final,p90_final,std_final,min_final,max_final
1000.0465698242188,999.3486328125,963.490234375,1037.4600830078125,28.989330291748047,903.0852661132812,1112.8028564453125
