mean_final,median_final,p10_final,p90_final,std_final,min_final,max_final
998.9409790039062,997.694091796875,961.91064453125,1037.23291015625,29.444887161254883,897.4535522460938,1105.6666259765625
