mean_final,median_final,p10_final,p90_final,std_final,min_final,max_final
999.7376098632812,999.6202392578125,964.0440673828125,1034.7440185546875,27.758310317993164,903.7415161132812,1115.0279541015625
