mean_final,median_final,p10_final,p90_final,sentiment_used
1249.540771484375,1082.012939453125,548.6177978515625,2129.3046875,0.0
