mean_final,median_final,p10_final,p90_final,std_final,min_final,max_final
999.0108032226562,998.5703125,966.0575561523438,1032.0084228515625,25.325942993164062,917.6698608398438,1098.6968994140625
