mean_final,median_final,p10_final,p90_final,std_final,min_final,max_final
999.9393920898438,1000.1775512695312,964.9769287109375,1034.09716796875,27.13648223876953,907.59130859375,1095.244873046875
