mean_final,median_final,p10_final,p90_final,std_final,min_final,max_final
999.5142211914062,998.6587524414062,964.3013305664062,1035.3343505859375,27.627029418945312,890.9927368164062,1099.7894287109375
