mean_final,median_final,p10_final,p90_final,std_final,min_final,max_final
997.7786865234375,996.81103515625,960.153076171875,1035.410400390625,29.65378761291504,887.0899047851562,1118.140625
