mean_final,median_final,p10_final,p90_final,std_final,min_final,max_final
999.6649780273438,998.9312744140625,967.3404541015625,1033.5616455078125,25.57396697998047,908.8768920898438,1095.8585205078125
