mean_final,median_final,p10_final,p90_final,sentiment_used
1208.354248046875,1047.687744140625,550.37841796875,2049.7958984375,0.0
