mean_final,median_final,p10_final,p90_final,std_final,min_final,max_final
999.78857421875,999.2286376953125,963.6658325195312,1035.8538818359375,28.163679122924805,894.3208618164062,1109.635986328125
