mean_final,median_final,p10_final,p90_final,sentiment_used
1415.669189453125,1245.6409912109375,655.6890869140625,2392.34814453125,0.0
