mean_final,median_final,p10_final,p90_final,std_final,min_final,max_final
999.5208129882812,999.361083984375,964.2246704101562,1035.7978515625,28.00533103942871,901.3662109375,1093.1912841796875
