mean_final,median_final,p10_final,p90_final,std_final,min_final,max_final
998.9957275390625,998.4288330078125,963.3753051757812,1035.3226318359375,28.338537216186523,911.9036254882812,1101.2994384765625
