mean_final,median_final,p10_final,p90_final,std_final,min_final,max_final
999.3939819335938,998.4921875,964.8933715820312,1034.9822998046875,27.350969314575195,892.2738647460938,1110.6099853515625
