mean_final,median_final,p10_final,p90_final,std_final,min_final,max_final
998.7515258789062,998.4864501953125,962.8978271484375,1034.9410400390625,28.132966995239258,896.693115234375,1098.95458984375
