mean_final,median_final,p10_final,p90_final,std_final,min_final,max_final
998.6276245117188,998.6220703125,960.9216918945312,1037.2037353515625,29.931753158569336,886.9703369140625,1115.0986328125
