mean_final,median_final,p10_final,p90_final,sentiment_used
1404.488037109375,1236.090087890625,644.6221923828125,2350.361328125,0.0
