mean_final,median_final,p10_final,p90_final,std_final,min_final,max_final
999.3228149414062,999.1515502929688,964.80126953125,1033.688720703125,26.828401565551758,906.8474731445312,1093.610107421875
