mean_final,median_final,p10_final,p90_final,std_final,min_final,max_final
999.156005859375,998.4390869140625,963.4412841796875,1036.2635498046875,28.584148406982422,891.5502319335938,1104.4598388671875
