mean_final,median_final,p10_final,p90_final,std_final,min_final,max_final
998.7230224609375,998.7719116210938,960.9627685546875,1035.28857421875,29.486452102661133,881.4217529296875,1122.03515625
