mean_final,median_final,p10_final,p90_final,std_final,min_final,max_final
998.4735717773438,997.8116455078125,961.0191040039062,1036.6712646484375,29.705753326416016,888.489501953125,1096.20458984375
