mean_final,median_final,p10_final,p90_final,std_final,min_final,max_final
999.605712890625,999.3507690429688,967.9873046875,1032.1466064453125,24.948287963867188,911.9749145507812,1092.3123779296875
