mean_final,median_final,p10_final,p90_final,sentiment_used
942.4420776367188,846.68505859375,454.4404296875,1552.29931640625,0.0
