mean_final,median_final,p10_final,p90_final,std_final,min_final,max_final
999.5582275390625,999.6181640625,966.4683837890625,1032.4609375,25.545921325683594,901.212646484375,1103.6878662109375
