mean_final,median_final,p10_final,p90_final,std_final,min_final,max_final
999.5731201171875,999.654052734375,965.0501098632812,1034.8258056640625,27.115224838256836,902.9050903320312,1091.8585205078125
