mean_final,median_final,p10_final,p90_final,std_final,min_final,max_final
998.9044189453125,998.5963134765625,961.6861572265625,1036.4093017578125,29.193593978881836,907.95703125,1101.3614501953125
