mean_final,median_final,p10_final,p90_final,std_final,min_final,max_final
998.6497802734375,998.1814575195312,961.451171875,1036.2734375,29.15260124206543,888.9097900390625,1104.0933837890625
