mean_final,median_final,p10_final,p90_final,std_final,min_final,max_final
999.9802856445312,999.50390625,968.6293334960938,1031.6553955078125,24.587238311767578,915.2306518554688,1083.2752685546875
