mean_final,median_final,p10_final,p90_final,std_final,min_final,max_final
999.6610717773438,999.6022338867188,962.370361328125,1036.549072265625,29.238357543945312,899.4364624023438,1118.5526123046875
