mean_final,median_final,p10_final,p90_final,sentiment_used
1162.892822265625,1028.65966796875,535.1458740234375,1958.612060546875,0.0
