mean_final,median_final,p10_final,p90_final,sentiment_used
1082.6064453125,938.9126586914062,489.792236328125,1830.119873046875,0.0
