mean_final,median_final,p10_final,p90_final,std_final,min_final,max_final
998.4406127929688,998.0708618164062,962.5120239257812,1035.355712890625,28.435081481933594,901.887939453125,1102.022705078125
