mean_final,median_final,p10_final,p90_final,std_final,min_final,max_final
999.7191162109375,999.0306396484375,963.34912109375,1035.9189453125,27.95065689086914,908.7841796875,1115.2135009765625
