mean_final,median_final,p10_final,p90_final,std_final,min_final,max_final
999.2990112304688,998.9086303710938,964.935791015625,1034.8551025390625,27.334875106811523,907.7720947265625,1121.0858154296875
