mean_final,median_final,p10_final,p90_final,std_final,min_final,max_final
999.297607421875,999.0283813476562,963.4752807617188,1035.3514404296875,27.817752838134766,904.31640625,1093.6785888671875
