mean_final,median_final,p10_final,p90_final,sentiment_used
1183.94921875,1030.2237548828125,542.1409912109375,2005.52294921875,0.0
