mean_final,median_final,p10_final,p90_final,std_final,min_final,max_final
998.730224609375,998.1106567382812,966.9482421875,1032.06396484375,25.053361892700195,904.6920776367188,1086.1466064453125
