mean_final,median_final,p10_final,p90_final,std_final,min_final,max_final
998.680419921875,997.9791259765625,962.8330688476562,1035.486083984375,28.8616886138916,893.14697265625,1124.0654296875
