mean_final,median_final,p10_final,p90_final,sentiment_used
1385.319580078125,1236.338623046875,650.31591796875,2270.669921875,0.0
