mean_final,median_final,p10_final,p90_final,std_final,min_final,max_final
999.1727294921875,998.6438598632812,963.4717407226562,1034.71484375,27.905908584594727,904.6398315429688,1113.1680908203125
