mean_final,median_final,p10_final,p90_final,std_final,min_final,max_final
999.4298095703125,999.2070922851562,965.5023193359375,1034.287353515625,26.671415328979492,916.0254516601562,1101.2030029296875
