mean_final,median_final,p10_final,p90_final,std_final,min_final,max_final
999.3901977539062,998.8521118164062,962.3934326171875,1036.1441650390625,28.849626541137695,898.281982421875,1110.7733154296875
