mean_final,median_final,p10_final,p90_final,sentiment_used
1247.7469482421875,1076.089599609375,543.9314575195312,2135.43798828125,0.0
