mean_final,median_final,p10_final,p90_final,std_final,min_final,max_final
998.9609985351562,998.5152587890625,963.0590209960938,1034.553466796875,27.903657913208008,901.715576171875,1114.0146484375
