mean_final,median_final,p10_final,p90_final,std_final,min_final,max_final
999.081298828125,998.304443359375,962.7774047851562,1036.84619140625,29.242115020751953,899.7779541015625,1125.947265625
