mean_final,median_final,p10_final,p90_final,std_final,min_final,max_final
999.5640258789062,999.239501953125,964.4921875,1034.5633544921875,27.258508682250977,913.0867309570312,1101.8460693359375
