mean_final,median_final,p10_final,p90_final,sentiment_used
1225.318115234375,1077.1649169921875,567.3997802734375,2061.5849609375,0.0
