mean_final,median_final,p10_final,p90_final,std_final,min_final,max_final
998.7791748046875,998.4141235351562,961.5233764648438,1036.19677734375,29.1756591796875,909.8670043945312,1108.7479248046875
