mean_final,median_final,p10_final,p90_final,std_final,min_final,max_final
999.63671875,999.3719482421875,965.182861328125,1034.2574462890625,26.726289749145508,910.3997192382812,1092.16455078125
