mean_final,median_final,p10_final,p90_final,std_final,min_final,max_final
999.25341796875,998.808349609375,961.292236328125,1037.702880859375,29.60671043395996,898.4177856445312,1110.546875
