mean_final,median_final,p10_final,p90_final,std_final,min_final,max_final
999.2550048828125,998.648193359375,964.19970703125,1034.967529296875,27.79298973083496,893.5137939453125,1116.8779296875
