mean_final,median_final,p10_final,p90_final,std_final,min_final,max_final
998.4182739257812,998.033935546875,960.0093383789062,1036.6524658203125,29.699304580688477,902.8209838867188,1113.541748046875
