mean_final,median_final,p10_final,p90_final,std_final,min_final,max_final
999.319091796875,998.649658203125,962.8209228515625,1036.6798095703125,28.92708969116211,892.8763427734375,1107.40966796875
