mean_final,median_final,p10_final,p90_final,std_final,min_final,max_final
999.4959716796875,999.552001953125,967.0833129882812,1031.8028564453125,25.257221221923828,916.5502319335938,1101.147705078125
