mean_final,median_final,p10_final,p90_final,std_final,min_final,max_final
998.8869018554688,998.656005859375,966.7686157226562,1030.8521728515625,24.91916275024414,910.3851928710938,1088.521484375
