mean_final,median_final,p10_final,p90_final,std_final,min_final,max_final
998.86181640625,998.530029296875,961.81103515625,1036.341552734375,28.979955673217773,889.5363159179688,1103.227294921875
