mean_final,median_final,p10_final,p90_final,sentiment_used
1406.748291015625,1247.64599609375,646.2538452148438,2354.123779296875,0.0
