mean_final,median_final,p10_final,p90_final,sentiment_used
1376.03271484375,1222.150390625,642.5946655273438,2299.916015625,0.0
