mean_final,median_final,p10_final,p90_final,std_final,min_final,max_final
999.135986328125,998.59716796875,961.4278564453125,1036.71533203125,28.899892807006836,894.0142822265625,1111.8868408203125
