mean_final,median_final,p10_final,p90_final,std_final,min_final,max_final
999.036376953125,998.4918212890625,967.2411499023438,1031.6441650390625,24.95201873779297,918.5863647460938,1082.18798828125
