mean_final,median_final,p10_final,p90_final,std_final,min_final,max_final
998.9884033203125,998.6221313476562,962.8131713867188,1036.3104248046875,28.766630172729492,898.0045776367188,1101.928955078125
