mean_final,median_final,p10_final,p90_final,std_final,min_final,max_final
999.1405029296875,999.090576171875,967.388916015625,1030.4088134765625,24.73423194885254,903.9793701171875,1089.527099609375
