mean_final,median_final,p10_final,p90_final,std_final,min_final,max_final
999.2938842773438,998.7225952148438,967.1465454101562,1031.417724609375,24.97309112548828,911.3037109375,1090.4093017578125
