mean_final,median_final,p10_final,p90_final,std_final,min_final,max_final
1000.05517578125,999.6322631835938,964.3186645507812,1035.7215576171875,28.079341888427734,892.6396484375,1104.3572998046875
