mean_final,median_final,p10_final,p90_final,std_final,min_final,max_final
998.5322265625,998.0587768554688,961.9260864257812,1035.2725830078125,28.98065757751465,906.2916259765625,1112.2232666015625
