mean_final,median_final,p10_final,p90_final,sentiment_used
1083.7249755859375,955.4151000976562,499.2041320800781,1829.68310546875,0.0
