mean_final,median_final,p10_final,p90_final,std_final,min_final,max_final
999.4639282226562,998.7582397460938,963.2633056640625,1035.95263671875,28.169170379638672,899.7687377929688,1118.573974609375
