mean_final,median_final,p10_final,p90_final,sentiment_used
1086.587890625,945.14013671875,496.8342590332031,1840.3944091796875,0.0
