mean_final,median_final,p10_final,p90_final,std_final,min_final,max_final
998.9362182617188,998.6249389648438,962.4354248046875,1035.1302490234375,28.52454376220703,902.5596313476562,1103.8338623046875
