mean_final,median_final,p10_final,p90_final,std_final,min_final,max_final
999.0765991210938,998.4444580078125,966.6724243164062,1031.235107421875,25.395950317382812,910.2529907226562,1096.3653564453125
