mean_final,median_final,p10_final,p90_final,std_final,min_final,max_final
999.32373046875,998.9852294921875,964.19091796875,1035.57861328125,27.77644920349121,905.2049560546875,1105.8114013671875
