mean_final,median_final,p10_final,p90_final,sentiment_used
1300.852783203125,1131.0914306640625,590.423095703125,2204.903076171875,0.0
