mean_final,median_final,p10_final,p90_final,std_final,min_final,max_final
999.35888671875,999.063720703125,964.7214965820312,1034.1290283203125,27.39713478088379,889.27978515625,1144.910400390625
