mean_final,median_final,p10_final,p90_final,std_final,min_final,max_final
998.5471801757812,998.6041259765625,961.2026977539062,1035.60498046875,29.326492309570312,907.3749389648438,1115.2491455078125
