mean_final,median_final,p10_final,p90_final,std_final,min_final,max_final
998.9725952148438,998.9283447265625,966.8851928710938,1031.185302734375,24.992904663085938,914.2207641601562,1099.7969970703125
