mean_final,median_final,p10_final,p90_final,std_final,min_final,max_final
999.2542724609375,999.2564086914062,962.39892578125,1037.0731201171875,28.97464942932129,903.9636840820312,1102.7349853515625
