mean_final,median_final,p10_final,p90_final,std_final,min_final,max_final
998.5014038085938,997.83203125,961.0913696289062,1037.19775390625,29.914276123046875,900.916748046875,1127.8333740234375
