mean_final,median_final,p10_final,p90_final,std_final,min_final,max_final
999.3372192382812,999.0611572265625,962.627685546875,1036.09228515625,28.8389949798584,894.5674438476562,1108.69580078125
