mean_final,median_final,p10_final,p90_final,std_final,min_final,max_final
1000.2435913085938,1000.1443481445312,964.6596069335938,1035.548828125,27.652360916137695,903.4124145507812,1104.803466796875
