mean_final,median_final,p10_final,p90_final,std_final,min_final,max_final
998.6994018554688,998.9344482421875,961.0858764648438,1035.71533203125,29.038801193237305,902.609375,1122.6600341796875
