mean_final,median_final,p10_final,p90_final,std_final,min_final,max_final
999.4257202148438,999.2755737304688,966.0299682617188,1034.2965087890625,26.70420265197754,889.5059814453125,1096.4483642578125
