mean_final,median_final,p10_final,p90_final,std_final,min_final,max_final
999.0322265625,998.5513916015625,967.3124389648438,1031.967529296875,25.042322158813477,912.27001953125,1085.4786376953125
