mean_final,median_final,p10_final,p90_final,sentiment_used
1092.560791015625,962.8080444335938,502.33953857421875,1827.623291015625,0.0
