mean_final,median_final,p10_final,p90_final,std_final,min_final,max_final
999.0878295898438,998.9686279296875,962.995849609375,1035.9691162109375,28.567506790161133,905.8692016601562,1122.126708984375
