mean_final,median_final,p10_final,p90_final,sentiment_used
1387.955810546875,1228.5501708984375,645.0074462890625,2309.48681640625,0.0
