mean_final,median_final,p10_final,p90_final,std_final,min_final,max_final
999.5518188476562,998.7952270507812,968.3734130859375,1032.026611328125,24.572444915771484,916.938720703125,1088.8350830078125
