mean_final,median_final,p10_final,p90_final,std_final,min_final,max_final
999.375,999.0969848632812,963.6199340820312,1035.0906982421875,28.271276473999023,903.1045532226562,1136.5108642578125
