mean_final,median_final,p10_final,p90_final,std_final,min_final,max_final
999.286376953125,998.6793212890625,967.0272827148438,1032.2647705078125,25.389144897460938,913.7719116210938,1092.4539794921875
