mean_final,median_final,p10_final,p90_final,std_final,min_final,max_final
998.3623046875,998.009521484375,960.8973388671875,1036.4091796875,29.323829650878906,902.0625,1100.6256103515625
