mean_final,median_final,p10_final,p90_final,std_final,min_final,max_final
998.8751220703125,998.835693359375,962.10400390625,1037.20361328125,29.398271560668945,899.0149536132812,1122.345947265625
