mean_final,median_final,p10_final,p90_final,std_final,min_final,max_final
999.047607421875,998.4600219726562,963.5724487304688,1034.451171875,27.909236907958984,906.1055297851562,1100.535400390625
