mean_final,median_final,p10_final,p90_final,std_final,min_final,max_final
998.5607299804688,998.3990478515625,966.3478393554688,1031.1463623046875,25.284027099609375,917.9678344726562,1088.06982421875
