mean_final,median_final,p10_final,p90_final,std_final,min_final,max_final
998.3958740234375,997.8790283203125,960.412109375,1037.26318359375,29.726808547973633,902.2434692382812,1101.635009765625
