mean_final,median_final,p10_final,p90_final,sentiment_used
1099.975341796875,966.6600952148438,512.3842163085938,1845.689697265625,0.0
