mean_final,median_final,p10_final,p90_final,sentiment_used
353.2763977050781,307.3818359375,159.34335327148438,605.8030395507812,-0.028063131313131318
