mean_final,median_final,p10_final,p90_final,std_final,min_final,max_final
999.6154174804688,999.5206298828125,962.3751220703125,1038.16015625,29.578832626342773,896.6495971679688,1105.391845703125
