mean_final,median_final,p10_final,p90_final,std_final,min_final,max_final
999.21337890625,998.6795043945312,961.8963623046875,1037.134033203125,29.034990310668945,895.730224609375,1100.8621826171875
