mean_final,median_final,p10_final,p90_final,std_final,min_final,max_final
999.00732421875,998.5592041015625,963.2615966796875,1034.304931640625,27.951784133911133,908.9794921875,1100.8809814453125
