mean_final,median_final,p10_final,p90_final,std_final,min_final,max_final
999.3005981445312,998.7894897460938,967.804443359375,1031.4261474609375,24.79155731201172,918.9766845703125,1083.8673095703125
