mean_final,median_final,p10_final,p90_final,std_final,min_final,max_final
999.2994995117188,998.86767578125,965.223388671875,1034.7347412109375,27.02578353881836,902.0220947265625,1104.0926513671875
