mean_final,median_final,p10_final,p90_final,std_final,min_final,max_final
999.2711791992188,999.2174682617188,962.7328491210938,1036.013671875,28.410552978515625,904.5439453125,1113.49072265625
