mean_final,median_final,p10_final,p90_final,std_final,min_final,max_final
999.8046875,999.208251953125,966.3157958984375,1034.0914306640625,26.874401092529297,914.5695190429688,1109.34912109375
