mean_final,median_final,p10_final,p90_final,std_final,min_final,max_final
999.1005859375,999.034423828125,961.9743041992188,1036.0167236328125,28.78069305419922,907.06103515625,1109.9110107421875
