mean_final,median_final,p10_final,p90_final,std_final,min_final,max_final
998.8200073242188,998.136962890625,960.9584350585938,1036.675537109375,29.958820343017578,899.8471069335938,1107.855224609375
