mean_final,median_final,p10_final,p90_final,std_final,min_final,max_final
999.0482177734375,998.6944580078125,962.0234375,1036.107666015625,28.966495513916016,903.0323486328125,1117.4295654296875
