mean_final,median_final,p10_final,p90_final,std_final,min_final,max_final
999.9113159179688,999.3528442382812,965.5620727539062,1034.8719482421875,27.047258377075195,889.5455932617188,1098.36962890625
