mean_final,median_final,p10_final,p90_final,std_final,min_final,max_final
998.96630859375,998.7340087890625,963.610595703125,1035.7421875,28.23921012878418,909.7612915039062,1105.095947265625
