mean_final,median_final,p10_final,p90_final,std_final,min_final,max_final
999.7479858398438,998.89892578125,965.420166015625,1035.5655517578125,27.71104621887207,893.8340454101562,1113.5340576171875
