mean_final,median_final,p10_final,p90_final,std_final,min_final,max_final
999.8552856445312,999.6430053710938,963.4922485351562,1036.2774658203125,28.541973114013672,889.5738525390625,1108.84716796875
