mean_final,median_final,p10_final,p90_final,std_final,min_final,max_final
998.8591918945312,998.3031005859375,960.645751953125,1037.49560546875,29.913423538208008,903.6465454101562,1106.3951416015625
