mean_final,median_final,p10_final,p90_final,std_final,min_final,max_final
998.9102172851562,998.4655151367188,966.8257446289062,1031.0164794921875,24.952463150024414,902.7241821289062,1094.5400390625
