mean_final,median_final,p10_final,p90_final,std_final,min_final,max_final
999.0485229492188,998.5798950195312,962.2509155273438,1036.7049560546875,29.373071670532227,901.8591918945312,1110.243408203125
