mean_final,median_final,p10_final,p90_final,std_final,min_final,max_final
999.8544921875,999.310546875,963.22900390625,1036.4466552734375,29.158533096313477,887.6867065429688,1122.0035400390625
