mean_final,median_final,p10_final,p90_final,std_final,min_final,max_final
999.0070190429688,998.5619506835938,965.028076171875,1033.3994140625,26.999202728271484,906.4922485351562,1104.14794921875
