mean_final,median_final,p10_final,p90_final,std_final,min_final,max_final
999.6953735351562,999.3092651367188,963.0418701171875,1037.3333740234375,29.197969436645508,909.2926635742188,1118.1171875
