mean_final,median_final,p10_final,p90_final,std_final,min_final,max_final
999.3275756835938,999.111328125,965.891845703125,1033.86279296875,26.60225486755371,902.789794921875,1100.5701904296875
