mean_final,median_final,p10_final,p90_final,std_final,min_final,max_final
999.203125,998.5722045898438,965.2496337890625,1033.77001953125,26.753477096557617,903.9702758789062,1119.969482421875
