mean_final,median_final,p10_final,p90_final,std_final,min_final,max_final
999.0850830078125,999.374267578125,963.7994384765625,1034.2703857421875,27.49239158630371,898.8673706054688,1097.5159912109375
