mean_final,median_final,p10_final,p90_final,std_final,min_final,max_final
998.6422729492188,998.67041015625,966.140869140625,1031.0810546875,25.32193946838379,911.0208740234375,1099.0047607421875
