mean_final,median_final,p10_final,p90_final,std_final,min_final,max_final
999.651123046875,999.2576293945312,964.7125854492188,1034.3548583984375,27.685073852539062,897.0618286132812,1117.8079833984375
