mean_final,median_final,p10_final,p90_final,std_final,min_final,max_final
999.1890258789062,999.021484375,967.2930297851562,1030.81591796875,24.88094139099121,916.3180541992188,1090.543701171875
