mean_final,median_final,p10_final,p90_final,std_final,min_final,max_final
999.2138061523438,999.10546875,962.8086547851562,1036.27001953125,28.954418182373047,900.2316284179688,1100.6949462890625
