mean_final,median_final,p10_final,p90_final,std_final,min_final,max_final
998.6328125,998.128662109375,961.6215209960938,1036.19873046875,29.15828514099121,900.8818359375,1106.0894775390625
