mean_final,median_final,p10_final,p90_final,std_final,min_final,max_final
999.7031860351562,999.1485595703125,964.8389892578125,1035.804443359375,27.794382095336914,889.7903442382812,1102.00341796875
