mean_final,median_final,p10_final,p90_final,std_final,min_final,max_final
999.606201171875,998.991943359375,962.8038940429688,1036.791015625,28.710533142089844,897.0964965820312,1113.930419921875
