mean_final,median_final,p10_final,p90_final,std_final,min_final,max_final
999.333984375,998.8187255859375,962.4143676757812,1037.0220947265625,29.032197952270508,888.671875,1093.5806884765625
