mean_final,median_final,p10_final,p90_final,sentiment_used
1266.7440185546875,1111.7689208984375,576.5639038085938,2145.22802734375,0.0
