mean_final,median_final,p10_final,p90_final,std_final,min_final,max_final
999.8372192382812,999.4955444335938,962.9755249023438,1036.483642578125,28.703887939453125,896.56005859375,1104.55224609375
