mean_final,median_final,p10_final,p90_final,std_final,min_final,max_final
998.5657958984375,997.7750244140625,961.809326171875,1036.4017333984375,29.161592483520508,884.6024169921875,1129.72998046875
