mean_final,median_final,p10_final,p90_final,std_final,min_final,max_final
999.2152709960938,998.544189453125,961.4608764648438,1037.3353271484375,29.602703094482422,906.3165283203125,1116.6773681640625
