mean_final,median_final,p10_final,p90_final,std_final,min_final,max_final
999.8449096679688,999.6484375,961.9747924804688,1037.468505859375,29.313222885131836,908.0779418945312,1112.6485595703125
