mean_final,median_final,p10_final,p90_final,std_final,min_final,max_final
1000.2108764648438,999.6428833007812,966.8223266601562,1034.2152099609375,26.397472381591797,896.08740234375,1096.109130859375
