mean_final,median_final,p10_final,p90_final,std_final,min_final,max_final
999.2125854492188,998.5579833984375,963.02783203125,1036.0574951171875,28.490251541137695,912.6986083984375,1114.3306884765625
