mean_final,median_final,p10_final,p90_final,std_final,min_final,max_final
998.6680297851562,998.1581420898438,962.4083251953125,1035.7745361328125,28.949501037597656,902.158447265625,1121.7044677734375
