mean_final,median_final,p10_final,p90_final,sentiment_used
1145.4825439453125,997.95458984375,510.798095703125,1978.1905517578125,0.0
