mean_final,median_final,p10_final,p90_final,std_final,min_final,max_final
999.0916748046875,998.4041748046875,962.87158203125,1035.9593505859375,28.73624038696289,895.5399169921875,1109.719482421875
