mean_final,median_final,p10_final,p90_final,std_final,min_final,max_final
999.4559936523438,998.6864624023438,964.8565063476562,1034.6319580078125,27.121965408325195,900.7587890625,1096.6895751953125
