mean_final,median_final,p10_final,p90_final,sentiment_used
1414.2027587890625,1245.48046875,651.7667846679688,2391.373779296875,0.0
