mean_final,median_final,p10_final,p90_final,std_final,min_final,max_final
999.6519165039062,999.22265625,963.4061279296875,1036.9439697265625,28.731889724731445,904.2217407226562,1098.6890869140625
