mean_final,median_final,p10_final,p90_final,std_final,min_final,max_final
998.7874145507812,998.5515747070312,961.3558959960938,1036.7720947265625,29.193937301635742,897.8675537109375,1093.130126953125
