mean_final,median_final,p10_final,p90_final,std_final,min_final,max_final
999.7039794921875,999.5338134765625,968.4617309570312,1031.86181640625,24.84006690979004,922.34912109375,1092.799560546875
