mean_final,median_final,p10_final,p90_final,std_final,min_final,max_final
999.4638061523438,998.8143920898438,966.3564453125,1032.6187744140625,25.683969497680664,906.453369140625,1092.8634033203125
