mean_final,median_final,p10_final,p90_final,std_final,min_final,max_final
999.065185546875,998.7944946289062,961.800537109375,1037.1390380859375,29.50065040588379,904.2465209960938,1108.1943359375
