mean_final,median_final,p10_final,p90_final,std_final,min_final,max_final
998.7467041015625,998.5770263671875,962.1719360351562,1036.0517578125,28.91140365600586,900.5242919921875,1104.0843505859375
