mean_final,median_final,p10_final,p90_final,std_final,min_final,max_final
1000.0490112304688,999.9320678710938,967.2237548828125,1032.5928955078125,25.52375030517578,905.2074584960938,1086.6348876953125
