mean_final,median_final,p10_final,p90_final,std_final,min_final,max_final
999.5324096679688,999.3123779296875,967.807373046875,1032.2080078125,25.112714767456055,913.818359375,1090.7469482421875
