mean_final,median_final,p10_final,p90_final,sentiment_used
1210.21533203125,1072.1365966796875,549.2178955078125,2034.7259521484375,0.0
