mean_final,median_final,p10_final,p90_final,std_final,min_final,max_final
1000.2156982421875,999.5970458984375,963.5142822265625,1038.011474609375,29.223217010498047,898.611328125,1097.6328125
