mean_final,median_final,p10_final,p90_final,std_final,min_final,max_final
998.817626953125,998.3419799804688,967.56005859375,1031.3028564453125,25.08269691467285,909.538330078125,1099.0994873046875
