mean_final,median_final,p10_final,p90_final,sentiment_used
1226.953857421875,1072.2430419921875,555.3029174804688,2088.443603515625,0.0
