mean_final,median_final,p10_final,p90_final,std_final,min_final,max_final
999.2470703125,999.3276977539062,961.234130859375,1036.5548095703125,29.348848342895508,895.004638671875,1123.7833251953125
