mean_final,median_final,p10_final,p90_final,std_final,min_final,max_final
999.8742065429688,999.115478515625,962.1309814453125,1037.8909912109375,29.38080596923828,885.7182006835938,1113.26123046875
