mean_final,median_final,p10_final,p90_final,std_final,min_final,max_final
998.7285766601562,998.2615966796875,963.73193359375,1034.537841796875,27.619609832763672,893.063720703125,1111.9393310546875
