mean_final,median_final,p10_final,p90_final,std_final,min_final,max_final
999.83642578125,999.4271850585938,965.748046875,1034.86572265625,26.857053756713867,912.010498046875,1097.9647216796875
