mean_final,median_final,p10_final,p90_final,std_final,min_final,max_final
998.8822021484375,998.5326538085938,963.5146484375,1034.8575439453125,27.541610717773438,906.8887329101562,1116.21337890625
