mean_final,median_final,p10_final,p90_final,std_final,min_final,max_final
998.8823852539062,998.6504516601562,968.0911254882812,1029.9317626953125,24.386926651000977,917.044921875,1085.2874755859375
