mean_final,median_final,p10_final,p90_final,std_final,min_final,max_final
999.3303833007812,998.4793090820312,965.6892700195312,1034.4185791015625,26.694644927978516,906.2396240234375,1102.311767578125
