mean_final,median_final,p10_final,p90_final,std_final,min_final,max_final
999.26123046875,998.8223266601562,965.0350341796875,1033.852783203125,26.94270133972168,907.5733032226562,1126.821044921875
