mean_final,median_final,p10_final,p90_final,std_final,min_final,max_final
999.298583984375,998.4305419921875,966.3621826171875,1032.5869140625,26.229576110839844,894.5692138671875,1103.3616943359375
