mean_final,median_final,p10_final,p90_final,sentiment_used
1158.23828125,1021.5849609375,527.1907348632812,1948.9962158203125,0.0
