mean_final,median_final,p10_final,p90_final,std_final,min_final,max_final
999.040283203125,998.2874145507812,967.1278076171875,1032.079833984375,25.295164108276367,920.03662109375,1090.87109375
