mean_final,median_final,p10_final,p90_final,std_final,min_final,max_final
999.4420166015625,999.2603149414062,960.6055908203125,1037.181396484375,29.85680389404297,900.9404296875,1130.9476318359375
