mean_final,median_final,p10_final,p90_final,std_final,min_final,max_final
998.7924194335938,997.86572265625,960.5107421875,1037.728515625,30.4027099609375,885.3290405273438,1117.656494140625
