mean_final,median_final,p10_final,p90_final,std_final,min_final,max_final
999.9647216796875,999.3749389648438,962.2014770507812,1039.231689453125,29.63747215270996,905.33544921875,1105.7965087890625
