mean_final,median_final,p10_final,p90_final,sentiment_used
900.0823974609375,806.3696899414062,446.959228515625,1458.283447265625,0.0
