mean_final,median_final,p10_final,p90_final,std_final,min_final,max_final
999.8043823242188,999.37744140625,962.537353515625,1037.3155517578125,29.519115447998047,889.6336059570312,1155.539794921875
