mean_final,median_final,p10_final,p90_final,std_final,min_final,max_final
998.9462280273438,998.44921875,967.7550659179688,1030.67724609375,24.634422302246094,918.5582885742188,1092.0164794921875
