mean_final,median_final,p10_final,p90_final,std_final,min_final,max_final
999.27978515625,999.26318359375,966.9068603515625,1031.8970947265625,25.10064125061035,913.2500610351562,1099.76513671875
