mean_final,median_final,p10_final,p90_final,std_final,min_final,max_final
999.3432006835938,998.9691162109375,963.2498168945312,1036.59716796875,28.579130172729492,903.7681884765625,1100.084228515625
