mean_final,median_final,p10_final,p90_final,std_final,min_final,max_final
999.33642578125,998.63525390625,961.78564453125,1037.456787109375,29.567699432373047,902.0181274414062,1110.1102294921875
