mean_final,median_final,p10_final,p90_final,std_final,min_final,max_final
1000.0269775390625,999.3858032226562,965.6660766601562,1035.2698974609375,27.094995498657227,905.2114868164062,1102.303955078125
