mean_final,median_final,p10_final,p90_final,std_final,min_final,max_final
999.2871704101562,998.9363403320312,961.8128662109375,1036.8909912109375,29.329809188842773,892.1029052734375,1121.924072265625
