mean_final,median_final,p10_final,p90_final,std_final,min_final,max_final
999.2374877929688,998.8285522460938,965.9721069335938,1032.2928466796875,25.745874404907227,899.7706298828125,1130.697265625
