mean_final,median_final,p10_final,p90_final,std_final,min_final,max_final
999.2672119140625,998.6865844726562,963.0956420898438,1035.43408203125,28.219013214111328,902.7482299804688,1111.3603515625
