mean_final,median_final,p10_final,p90_final,std_final,min_final,max_final
999.1134033203125,998.635009765625,965.575927734375,1033.008544921875,25.939979553222656,905.9808349609375,1091.8446044921875
