mean_final,median_final,p10_final,p90_final,std_final,min_final,max_final
999.5518798828125,999.2303466796875,962.9016723632812,1037.0760498046875,29.07367515563965,905.7152709960938,1123.97607421875
