mean_final,median_final,p10_final,p90_final,sentiment_used
958.1251831054688,870.3966064453125,458.0760498046875,1561.8726806640625,0.0
