mean_final,median_final,p10_final,p90_final,std_final,min_final,max_final
999.603271484375,999.2774658203125,967.5743408203125,1032.08935546875,25.25107765197754,921.550048828125,1091.3433837890625
