mean_final,median_final,p10_final,p90_final,std_final,min_final,max_final
999.6148071289062,999.4710693359375,965.5083618164062,1033.7017822265625,26.750978469848633,902.6361694335938,1105.591064453125
