mean_final,median_final,p10_final,p90_final,std_final,min_final,max_final
999.0803833007812,998.7879028320312,967.09423828125,1031.065673828125,25.141319274902344,920.2520141601562,1101.45166015625
