mean_final,median_final,p10_final,p90_final,std_final,min_final,max_final
999.3532104492188,998.9398193359375,964.782470703125,1033.6976318359375,27.118928909301758,895.3983154296875,1092.8221435546875
