mean_final,median_final,p10_final,p90_final,std_final,min_final,max_final
998.7805786132812,998.6064453125,966.0748291015625,1031.4307861328125,25.48552703857422,910.2630004882812,1097.978515625
