mean_final,median_final,p10_final,p90_final,sentiment_used
1389.7447509765625,1241.658447265625,667.2089233398438,2302.49169921875,0.0
