mean_final,median_final,p10_final,p90_final,std_final,min_final,max_final
998.798828125,998.3922119140625,961.859375,1036.195556640625,29.025264739990234,907.7213134765625,1125.1739501953125
