mean_final,median_final,p10_final,p90_final,std_final,min_final,max_final
999.6909790039062,999.269287109375,962.31201171875,1037.101318359375,29.206989288330078,896.857666015625,1107.83251953125
