mean_final,median_final,p10_final,p90_final,std_final,min_final,max_final
998.88330078125,998.3821411132812,967.1226806640625,1030.6580810546875,24.5019474029541,916.2393798828125,1091.04638671875
