mean_final,median_final,p10_final,p90_final,std_final,min_final,max_final
998.5399780273438,998.314208984375,961.773681640625,1035.877685546875,28.70697021484375,906.8472290039062,1099.9434814453125
