mean_final,median_final,p10_final,p90_final,std_final,min_final,max_final
999.2703247070312,999.0540161132812,960.3609619140625,1037.779541015625,30.25071144104004,886.3274536132812,1126.67822265625
