mean_final,median_final,p10_final,p90_final,std_final,min_final,max_final
999.82470703125,999.6851196289062,967.68310546875,1032.5966796875,24.996368408203125,917.6187744140625,1114.4525146484375
