mean_final,median_final,p10_final,p90_final,std_final,min_final,max_final
999.2413940429688,998.6954956054688,964.6701049804688,1035.0501708984375,27.212331771850586,882.1563720703125,1096.3909912109375
