mean_final,median_final,p10_final,p90_final,std_final,min_final,max_final
999.3193969726562,998.7734985351562,962.0260009765625,1037.354248046875,29.246049880981445,898.0133666992188,1116.6290283203125
