mean_final,median_final,p10_final,p90_final,std_final,min_final,max_final
999.3331909179688,999.0614013671875,967.6983642578125,1031.4005126953125,25.149578094482422,908.4291381835938,1107.8802490234375
