mean_final,median_final,p10_final,p90_final,std_final,min_final,max_final
999.1072998046875,998.4105224609375,964.2530517578125,1035.7232666015625,27.648635864257812,894.3924560546875,1094.3734130859375
