mean_final,median_final,p10_final,p90_final,std_final,min_final,max_final
999.0458984375,998.969970703125,963.0316162109375,1034.7203369140625,28.56926727294922,907.4830932617188,1109.1513671875
