mean_final,median_final,p10_final,p90_final,sentiment_used
1328.8924560546875,1155.67431640625,594.848876953125,2272.45703125,0.0
