mean_final,median_final,p10_final,p90_final,std_final,min_final,max_final
999.2841186523438,998.8009643554688,967.4351806640625,1031.0203857421875,25.01656150817871,911.53759765625,1099.224365234375
