mean_final,median_final,p10_final,p90_final,std_final,min_final,max_final
998.9873046875,999.084716796875,960.5513916015625,1037.6669921875,29.880090713500977,870.4271240234375,1108.73779296875
