mean_final,median_final,p10_final,p90_final,std_final,min_final,max_final
999.58349609375,999.2733154296875,962.6798706054688,1036.536376953125,29.124509811401367,904.9593505859375,1114.1131591796875
