mean_final,median_final,p10_final,p90_final,std_final,min_final,max_final
998.5780029296875,998.30322265625,965.1386108398438,1031.8951416015625,25.917678833007812,902.620361328125,1107.9146728515625
