mean_final,median_final,p10_final,p90_final,sentiment_used
1252.8314208984375,1099.1707763671875,563.481201171875,2148.120361328125,0.0
