mean_final,median_final,p10_final,p90_final,sentiment_used
1106.0657958984375,979.915283203125,510.25390625,1868.8836669921875,0.0
