mean_final,median_final,p10_final,p90_final,std_final,min_final,max_final
999.2833251953125,998.4659423828125,962.4772338867188,1037.552490234375,29.23232650756836,900.8480224609375,1100.2464599609375
