mean_final,median_final,p10_final,p90_final,std_final,min_final,max_final
999.5897827148438,999.0570678710938,964.137451171875,1035.907958984375,28.176851272583008,905.113037109375,1097.9525146484375
