mean_final,median_final,p10_final,p90_final,std_final,min_final,max_final
999.6524047851562,999.0971069335938,965.0284423828125,1033.572021484375,27.02830696105957,917.64111328125,1113.7833251953125
