mean_final,median_final,p10_final,p90_final,sentiment_used
1394.7607421875,1229.9381103515625,648.424560546875,2320.987060546875,0.0
