mean_final,median_final,p10_final,p90_final,std_final,min_final,max_final
999.35302734375,999.0267944335938,967.1435546875,1031.83984375,25.174732208251953,907.5057373046875,1084.4107666015625
