mean_final,median_final,p10_final,p90_final,std_final,min_final,max_final
998.9595947265625,998.6912841796875,964.160888671875,1033.82373046875,27.565797805786133,904.73974609375,1114.986328125
