mean_final,median_final,p10_final,p90_final,std_final,min_final,max_final
999.6278076171875,999.8822631835938,964.0133666992188,1034.573974609375,27.503328323364258,911.5823974609375,1106.6767578125
