mean_final,median_final,p10_final,p90_final,std_final,min_final,max_final
999.2880859375,999.0631713867188,967.5451049804688,1032.2760009765625,25.3795166015625,920.6346435546875,1093.3463134765625
