mean_final,median_final,p10_final,p90_final,std_final,min_final,max_final
998.386474609375,998.0623779296875,966.8291625976562,1030.7576904296875,25.144533157348633,911.625,1117.7860107421875
