mean_final,median_final,p10_final,p90_final,std_final,min_final,max_final
998.5526733398438,997.4215087890625,961.8985595703125,1036.218505859375,28.811763763427734,904.6019287109375,1100.4249267578125
