mean_final,median_final,p10_final,p90_final,std_final,min_final,max_final
998.868896484375,998.4965209960938,968.027587890625,1030.9180908203125,24.65774154663086,904.4139404296875,1102.482421875
