mean_final,median_final,p10_final,p90_final,sentiment_used
1297.8599853515625,1142.4786376953125,586.8632202148438,2195.13134765625,0.0
