mean_final,median_final,p10_final,p90_final,sentiment_used
1239.2816162109375,1082.9498291015625,552.702392578125,2100.757568359375,0.0
