mean_final,median_final,p10_final,p90_final,std_final,min_final,max_final
999.2034912109375,998.9170532226562,964.6192016601562,1034.3963623046875,26.96244239807129,893.7581176757812,1089.9022216796875
