mean_final,median_final,p10_final,p90_final,std_final,min_final,max_final
998.9868774414062,999.0147094726562,961.6986083984375,1037.0428466796875,29.41736602783203,899.9240112304688,1122.7706298828125
