mean_final,median_final,p10_final,p90_final,std_final,min_final,max_final
999.8375854492188,999.058837890625,966.2885131835938,1033.847412109375,26.426576614379883,904.4396362304688,1100.8876953125
