mean_final,median_final,p10_final,p90_final,sentiment_used
911.4595947265625,813.705078125,440.3018798828125,1499.4769287109375,0.0
