mean_final,median_final,p10_final,p90_final,std_final,min_final,max_final
999.455322265625,998.7503051757812,965.068359375,1034.31298828125,27.15183448791504,903.7362670898438,1109.2469482421875
