mean_final,median_final,p10_final,p90_final,std_final,min_final,max_final
999.470703125,999.4532470703125,963.4146118164062,1035.5821533203125,28.286331176757812,894.1297607421875,1130.900390625
