mean_final,median_final,p10_final,p90_final,std_final,min_final,max_final
998.6806030273438,997.99072265625,961.7503051757812,1035.508544921875,29.080097198486328,907.2686157226562,1103.31982421875
