mean_final,median_final,p10_final,p90_final,std_final,min_final,max_final
998.6494750976562,997.8518676757812,961.5922241210938,1036.6807861328125,29.2526798248291,877.795166015625,1114.017578125
