mean_final,median_final,p10_final,p90_final,std_final,min_final,max_final
998.62939453125,998.37646484375,961.212890625,1036.322265625,29.290115356445312,902.5811767578125,1125.801513671875
