mean_final,median_final,p10_final,p90_final,std_final,min_final,max_final
998.1177978515625,998.185546875,960.65380859375,1036.4892578125,29.58184051513672,880.4174194335938,1105.0743408203125
