mean_final,median_final,p10_final,p90_final,std_final,min_final,max_final
998.8325805664062,998.6287231445312,961.0921630859375,1037.00341796875,29.91623306274414,886.7469482421875,1122.452392578125
