mean_final,median_final,p10_final,p90_final,std_final,min_final,max_final
998.9248046875,998.0001831054688,962.645751953125,1036.3704833984375,28.6267032623291,900.50390625,1115.6199951171875
