mean_final,median_final,p10_final,p90_final,std_final,min_final,max_final
999.6156005859375,999.3502197265625,966.3917846679688,1032.847900390625,25.705503463745117,900.5534057617188,1107.5469970703125
