mean_final,median_final,p10_final,p90_final,std_final,min_final,max_final
998.7180786132812,998.7344360351562,967.1298217773438,1029.9378662109375,25.149032592773438,907.7171630859375,1107.0235595703125
