mean_final,median_final,p10_final,p90_final,std_final,min_final,max_final
999.3013916015625,998.83642578125,965.2177124023438,1034.1390380859375,27.072608947753906,905.7465209960938,1109.0972900390625
