mean_final,median_final,p10_final,p90_final,std_final,min_final,max_final
999.3497924804688,998.6896362304688,965.1414794921875,1033.7559814453125,26.86857032775879,890.9032592773438,1113.7061767578125
