mean_final,median_final,p10_final,p90_final,std_final,min_final,max_final
999.4417114257812,999.599853515625,964.0337524414062,1035.1153564453125,27.870868682861328,902.7466430664062,1105.54541015625
