mean_final,median_final,p10_final,p90_final,std_final,min_final,max_final
999.19091796875,998.1919555664062,964.1641235351562,1035.184814453125,28.260351181030273,890.6661376953125,1120.3297119140625
