mean_final,median_final,p10_final,p90_final,std_final,min_final,max_final
999.5333251953125,998.5531005859375,962.3169555664062,1037.6939697265625,29.36409568786621,897.7211303710938,1114.5185546875
