mean_final,median_final,p10_final,p90_final,std_final,min_final,max_final
998.9515991210938,998.8650512695312,966.5022583007812,1031.185302734375,25.003952026367188,915.04296875,1092.46533203125
