mean_final,median_final,p10_final,p90_final,std_final,min_final,max_final
999.472900390625,998.6749877929688,965.796142578125,1034.6165771484375,26.769367218017578,905.8433837890625,1120.4791259765625
