mean_final,median_final,p10_final,p90_final,std_final,min_final,max_final
998.6613159179688,998.2537231445312,966.154541015625,1030.6531982421875,25.119693756103516,905.8517456054688,1092.471435546875
