mean_final,median_final,p10_final,p90_final,std_final,min_final,max_final
999.4296264648438,999.2474975585938,962.5138549804688,1035.7320556640625,28.700191497802734,902.971435546875,1110.0810546875
