mean_final,median_final,p10_final,p90_final,std_final,min_final,max_final
999.5128173828125,998.42138671875,961.0066528320312,1039.5018310546875,30.63368797302246,891.6741333007812,1128.589111328125
