mean_final,median_final,p10_final,p90_final,std_final,min_final,max_final
998.9942016601562,998.2931518554688,967.2785034179688,1031.6165771484375,24.932212829589844,917.7598266601562,1081.5806884765625
