mean_final,median_final,p10_final,p90_final,std_final,min_final,max_final
998.9749755859375,999.1441040039062,963.016845703125,1033.9290771484375,27.867033004760742,894.1881713867188,1116.758056640625
