mean_final,median_final,p10_final,p90_final,std_final,min_final,max_final
998.6259155273438,998.1698608398438,961.8968505859375,1035.3404541015625,28.740633010864258,895.2547607421875,1113.3890380859375
