mean_final,median_final,p10_final,p90_final,std_final,min_final,max_final
1000.0654296875,999.8234252929688,963.9368286132812,1035.7996826171875,28.456592559814453,902.7166748046875,1113.5306396484375
