mean_final,median_final,p10_final,p90_final,std_final,min_final,max_final
999.4083862304688,999.3576049804688,966.9036865234375,1032.5198974609375,25.442052841186523,916.8323974609375,1096.461181640625
