mean_final,median_final,p10_final,p90_final,std_final,min_final,max_final
998.9841918945312,998.69384765625,966.7022094726562,1031.0169677734375,25.007932662963867,913.4389038085938,1088.9422607421875
