mean_final,median_final,p10_final,p90_final,std_final,min_final,max_final
999.290771484375,998.9755249023438,964.1609497070312,1033.8690185546875,27.29692268371582,907.1212768554688,1102.837646484375
