mean_final,median_final,p10_final,p90_final,sentiment_used
1176.8111572265625,1037.7484130859375,534.0376586914062,1980.920654296875,0.0
