mean_final,median_final,p10_final,p90_final,std_final,min_final,max_final
999.3942260742188,998.69970703125,962.3953247070312,1036.54541015625,29.009265899658203,871.1051635742188,1117.02294921875
