mean_final,median_final,p10_final,p90_final,sentiment_used
1266.48193359375,1108.93701171875,568.1500244140625,2153.203125,0.0
