mean_final,median_final,p10_final,p90_final,std_final,min_final,max_final
999.63037109375,999.7772827148438,967.1000366210938,1031.1923828125,24.84064292907715,913.8850708007812,1096.463623046875
