mean_final,median_final,p10_final,p90_final,std_final,min_final,max_final
999.4884033203125,999.1446533203125,962.8959350585938,1035.9576416015625,28.288551330566406,897.9360961914062,1101.5103759765625
