mean_final,median_final,p10_final,p90_final,std_final,min_final,max_final
999.1328125,998.3809204101562,962.085693359375,1036.4556884765625,29.324129104614258,908.0609130859375,1112.3570556640625
