mean_final,median_final,p10_final,p90_final,std_final,min_final,max_final
999.3338012695312,999.2789306640625,967.7060546875,1030.7518310546875,24.857065200805664,901.7592163085938,1094.11181640625
