mean_final,median_final,p10_final,p90_final,sentiment_used
1368.1239013671875,1202.8486328125,647.9995727539062,2296.798095703125,0.0
