mean_final,median_final,p10_final,p90_final,std_final,min_final,max_final
1000.19873046875,999.861572265625,966.1046142578125,1034.921142578125,27.007970809936523,893.376953125,1109.097412109375
