mean_final,median_final,p10_final,p90_final,std_final,min_final,max_final
999.1594848632812,998.4961547851562,963.2214965820312,1035.1259765625,28.41959571838379,912.17822265625,1121.1529541015625
