mean_final,median_final,p10_final,p90_final,std_final,min_final,max_final
998.5894165039062,998.4879150390625,960.8284912109375,1036.036376953125,29.352741241455078,890.31005859375,1110.1163330078125
