mean_final,median_final,p10_final,p90_final,sentiment_used
1301.214111328125,1139.7047119140625,612.0113525390625,2185.823974609375,0.0
