mean_final,median_final,p10_final,p90_final,std_final,min_final,max_final
999.81982421875,999.705322265625,963.2854614257812,1036.899658203125,29.250980377197266,895.1844482421875,1115.8394775390625
