mean_final,median_final,p10_final,p90_final,std_final,min_final,max_final
998.840087890625,998.8257446289062,966.8731689453125,1031.0604248046875,25.06519889831543,911.57470703125,1081.6748046875
