mean_final,median_final,p10_final,p90_final,sentiment_used
1309.30419921875,1156.748046875,613.22802734375,2173.8525390625,0.0
