mean_final,median_final,p10_final,p90_final,std_final,min_final,max_final
999.0322265625,997.8079223632812,965.0176391601562,1034.49365234375,26.985248565673828,914.1961059570312,1086.802734375
