mean_final,median_final,p10_final,p90_final,sentiment_used
1283.5911865234375,1106.791015625,578.6742553710938,2189.0791015625,0.0
