mean_final,median_final,p10_final,p90_final,std_final,min_final,max_final
998.4797973632812,998.1585083007812,962.551025390625,1034.5853271484375,28.082181930541992,893.8248291015625,1097.09423828125
