mean_final,median_final,p10_final,p90_final,sentiment_used
1256.134033203125,1080.0281982421875,563.4092407226562,2152.239501953125,0.0
