mean_final,median_final,p10_final,p90_final,std_final,min_final,max_final
999.7871704101562,998.9844360351562,968.5770263671875,1032.0633544921875,24.878950119018555,913.42041015625,1099.019775390625
