mean_final,median_final,p10_final,p90_final,std_final,min_final,max_final
998.9957885742188,998.5559692382812,961.6054077148438,1037.9688720703125,29.689733505249023,902.8926391601562,1107.4857177734375
