mean_final,median_final,p10_final,p90_final,std_final,min_final,max_final
998.923583984375,998.6359252929688,962.3443603515625,1035.6954345703125,28.5023136138916,899.4057006835938,1109.10400390625
