mean_final,median_final,p10_final,p90_final,std_final,min_final,max_final
999.4932250976562,999.0899658203125,965.3098754882812,1034.2059326171875,26.925886154174805,915.48779296875,1102.7144775390625
