mean_final,median_final,p10_final,p90_final,sentiment_used
900.718505859375,800.11767578125,441.82861328125,1477.071533203125,0.0
