mean_final,median_final,p10_final,p90_final,sentiment_used
920.7329711914062,824.4078979492188,439.0135498046875,1505.0040283203125,0.0
