mean_final,median_final,p10_final,p90_final,sentiment_used
1254.9532470703125,1109.1864013671875,552.009033203125,2126.111328125,0.0
