mean_final,median_final,p10_final,p90_final,std_final,min_final,max_final
1000.0438232421875,999.863037109375,963.4762573242188,1036.7330322265625,28.75917625427246,906.992431640625,1115.34521484375
