mean_final,median_final,p10_final,p90_final,std_final,min_final,max_final
999.347412109375,999.0670166015625,967.9171752929688,1030.6190185546875,24.720849990844727,918.977294921875,1092.9888916015625
