mean_final,median_final,p10_final,p90_final,std_final,min_final,max_final
999.6672973632812,999.2734985351562,963.655517578125,1036.7255859375,28.446613311767578,894.5736694335938,1121.6292724609375
