mean_final,median_final,p10_final,p90_final,std_final,min_final,max_final
999.5202026367188,999.4772338867188,967.2050170898438,1032.085693359375,25.351388931274414,923.8349609375,1110.2672119140625
