mean_final,median_final,p10_final,p90_final,std_final,min_final,max_final
999.5264282226562,999.0653076171875,962.359130859375,1038.0968017578125,29.157541275024414,883.2293701171875,1123.3310546875
