mean_final,median_final,p10_final,p90_final,std_final,min_final,max_final
998.8685302734375,998.7620849609375,961.16455078125,1035.6461181640625,29.13934898376465,904.1438598632812,1121.3154296875
