mean_final,median_final,p10_final,p90_final,sentiment_used
1303.88525390625,1131.9749755859375,586.7526245117188,2208.939453125,0.0
