mean_final,median_final,p10_final,p90_final,sentiment_used
1262.3404541015625,1106.6839599609375,562.1553955078125,2135.63134765625,0.0
