mean_final,median_final,p10_final,p90_final,std_final,min_final,max_final
999.3734741210938,999.0740966796875,964.456787109375,1034.967529296875,27.6032657623291,907.7681884765625,1107.2327880859375
