mean_final,median_final,p10_final,p90_final,std_final,min_final,max_final
999.100830078125,998.4382934570312,966.8856201171875,1031.8321533203125,25.281219482421875,909.7412109375,1112.1973876953125
