mean_final,median_final,p10_final,p90_final,std_final,min_final,max_final
998.834228515625,998.098876953125,963.06201171875,1036.033447265625,28.425195693969727,910.490966796875,1093.2005615234375
