mean_final,median_final,p10_final,p90_final,std_final,min_final,max_final
999.1497192382812,998.466796875,961.9517822265625,1037.4669189453125,29.798078536987305,869.4368896484375,1100.9344482421875
