mean_final,median_final,p10_final,p90_final,std_final,min_final,max_final
999.4249877929688,999.2066040039062,963.9083251953125,1036.0948486328125,28.285001754760742,899.8469848632812,1119.522705078125
