mean_final,median_final,p10_final,p90_final,std_final,min_final,max_final
999.2904052734375,998.9192504882812,967.5343627929688,1031.279052734375,24.89122200012207,902.7657470703125,1084.263671875
