mean_final,median_final,p10_final,p90_final,std_final,min_final,max_final
999.455078125,998.8646850585938,966.30810546875,1033.8323974609375,26.5035457611084,905.683837890625,1121.8572998046875
