mean_final,median_final,p10_final,p90_final,std_final,min_final,max_final
999.0186157226562,998.5125122070312,963.6819458007812,1035.1632080078125,27.84459114074707,900.8458862304688,1099.919189453125
