mean_final,median_final,p10_final,p90_final,std_final,min_final,max_final
1000.3255004882812,999.5133666992188,965.15869140625,1036.19775390625,27.645809173583984,900.3035888671875,1101.3463134765625
