mean_final,median_final,p10_final,p90_final,std_final,min_final,max_final
999.0938720703125,998.490234375,961.7509765625,1037.851318359375,29.193790435791016,884.739990234375,1124.2537841796875
