mean_final,median_final,p10_final,p90_final,std_final,min_final,max_final
999.5928955078125,999.353515625,967.5603637695312,1032.30859375,25.194900512695312,914.2681884765625,1093.835205078125
