mean_final,median_final,p10_final,p90_final,sentiment_used
1017.003173828125,905.51416015625,477.1222839355469,1704.1068115234375,0.0
