mean_final,median_final,p10_final,p90_final,std_final,min_final,max_final
998.236572265625,998.11962890625,960.3048706054688,1036.75634765625,29.812728881835938,883.5590209960938,1134.2266845703125
