mean_final,median_final,p10_final,p90_final,std_final,min_final,max_final
999.2053833007812,998.9091796875,964.928466796875,1033.85546875,26.598251342773438,908.914306640625,1094.4932861328125
