mean_final,median_final,p10_final,p90_final,std_final,min_final,max_final
999.1397705078125,998.6642456054688,967.3587646484375,1032.238037109375,25.28113555908203,912.573974609375,1085.4449462890625
