mean_final,median_final,p10_final,p90_final,std_final,min_final,max_final
998.8516845703125,998.4087524414062,961.1602172851562,1037.5252685546875,29.894512176513672,896.3162841796875,1128.241943359375
