mean_final,median_final,p10_final,p90_final,std_final,min_final,max_final
998.5549926757812,997.71630859375,960.974609375,1036.421142578125,29.606019973754883,896.127685546875,1138.69921875
