mean_final,median_final,p10_final,p90_final,std_final,min_final,max_final
998.9212036132812,997.9766235351562,962.1641235351562,1036.760009765625,29.359779357910156,884.6284790039062,1122.6807861328125
