mean_final,median_final,p10_final,p90_final,std_final,min_final,max_final
999.8983764648438,999.2408447265625,965.3170166015625,1034.9378662109375,27.62394905090332,906.16943359375,1096.028076171875
