mean_final,median_final,p10_final,p90_final,std_final,min_final,max_final
999.1591796875,998.7847290039062,966.6565551757812,1031.827880859375,25.556529998779297,910.2151489257812,1091.5074462890625
