mean_final,median_final,p10_final,p90_final,std_final,min_final,max_final
999.076416015625,998.2928466796875,961.929931640625,1037.3057861328125,29.23749351501465,905.33349609375,1113.1759033203125
