mean_final,median_final,p10_final,p90_final,std_final,min_final,max_final
998.59619140625,998.026123046875,966.2581176757812,1031.816162109375,25.21938133239746,910.0856323242188,1100.3663330078125
