mean_final,median_final,p10_final,p90_final,std_final,min_final,max_final
999.4896240234375,998.9489135742188,962.738037109375,1037.2298583984375,29.311376571655273,885.6940307617188,1111.6427001953125
