mean_final,median_final,p10_final,p90_final,std_final,min_final,max_final
998.8945922851562,998.1140747070312,962.9390258789062,1035.9561767578125,28.29725456237793,903.0702514648438,1102.7249755859375
