mean_final,median_final,p10_final,p90_final,std_final,min_final,max_final
999.1871948242188,998.6022338867188,962.0526733398438,1036.2979736328125,29.017345428466797,905.6494750976562,1111.4986572265625
