mean_final,median_final,p10_final,p90_final,std_final,min_final,max_final
999.0891723632812,998.5919189453125,961.04248046875,1037.3992919921875,29.481019973754883,899.049072265625,1110.5948486328125
