mean_final,median_final,p10_final,p90_final,std_final,min_final,max_final
998.0319213867188,996.8505249023438,961.6553955078125,1035.284423828125,28.688854217529297,898.6305541992188,1106.859130859375
