mean_final,median_final,p10_final,p90_final,std_final,min_final,max_final
999.6386108398438,999.37060546875,965.3855590820312,1033.6558837890625,26.651939392089844,916.7522583007812,1097.687255859375
