mean_final,median_final,p10_final,p90_final,std_final,min_final,max_final
999.3591918945312,999.0621948242188,966.7125244140625,1031.763916015625,25.56062126159668,908.1680297851562,1091.2674560546875
