mean_final,median_final,p10_final,p90_final,std_final,min_final,max_final
999.6904296875,999.7378540039062,964.471435546875,1035.21142578125,28.192909240722656,902.075439453125,1113.2989501953125
