mean_final,median_final,p10_final,p90_final,sentiment_used
1357.842529296875,1200.0501708984375,640.838134765625,2260.654296875,0.0
