mean_final,median_final,p10_final,p90_final,std_final,min_final,max_final
999.313720703125,998.8663330078125,966.9738159179688,1031.8983154296875,25.7222843170166,907.8121337890625,1098.8782958984375
