mean_final,median_final,p10_final,p90_final,std_final,min_final,max_final
999.0037841796875,998.6038818359375,963.4254760742188,1035.6630859375,28.452760696411133,903.2294311523438,1102.7813720703125
