mean_final,median_final,p10_final,p90_final,std_final,min_final,max_final
998.3298950195312,997.9298095703125,961.3064575195312,1036.50439453125,29.51616096496582,900.8953857421875,1121.6600341796875
