mean_final,median_final,p10_final,p90_final,sentiment_used
1179.5076904296875,1039.56591796875,543.262451171875,1973.556640625,0.0
