mean_final,median_final,p10_final,p90_final,std_final,min_final,max_final
998.364013671875,998.4782104492188,961.9248046875,1035.301513671875,28.421464920043945,892.8102416992188,1099.1004638671875
