mean_final,median_final,p10_final,p90_final,sentiment_used
1260.93017578125,1100.451171875,574.8328857421875,2140.120361328125,0.0
