mean_final,median_final,p10_final,p90_final,std_final,min_final,max_final
998.7142944335938,997.8659057617188,960.3193359375,1038.9398193359375,30.556507110595703,869.5555419921875,1126.5130615234375
