mean_final,median_final,p10_final,p90_final,sentiment_used
1392.9659423828125,1237.0076904296875,643.00927734375,2329.339599609375,0.0
