mean_final,median_final,p10_final,p90_final,sentiment_used
917.7266235351562,812.8511352539062,446.902587890625,1497.90869140625,0.0
