mean_final,median_final,p10_final,p90_final,std_final,min_final,max_final
999.25927734375,998.454833984375,962.0962524414062,1036.5869140625,29.0328369140625,899.5128173828125,1118.0537109375
