mean_final,median_final,p10_final,p90_final,std_final,min_final,max_final
998.0324096679688,997.90087890625,961.2669067382812,1035.066162109375,28.727336883544922,903.2140502929688,1116.6444091796875
