mean_final,median_final,p10_final,p90_final,std_final,min_final,max_final
999.1602172851562,998.4442749023438,963.9308471679688,1035.82958984375,28.414173126220703,879.5419311523438,1119.6029052734375
