mean_final,median_final,p10_final,p90_final,std_final,min_final,max_final
999.802001953125,999.4393310546875,964.360107421875,1035.1873779296875,27.770336151123047,898.1216430664062,1105.4998779296875
