mean_final,median_final,p10_final,p90_final,std_final,min_final,max_final
999.3748168945312,999.0380249023438,966.55224609375,1032.5565185546875,25.62812614440918,905.7352294921875,1090.364013671875
