mean_final,median_final,p10_final,p90_final,std_final,min_final,max_final
998.5714111328125,998.6721801757812,959.9862670898438,1036.6932373046875,29.881216049194336,907.5320434570312,1102.0662841796875
