mean_final,median_final,p10_final,p90_final,std_final,min_final,max_final
999.5750732421875,999.4705200195312,967.40966796875,1031.427978515625,25.012908935546875,917.1693725585938,1098.8958740234375
