mean_final,median_final,p10_final,p90_final,std_final,min_final,max_final
999.08837890625,998.5419311523438,962.0512084960938,1036.459228515625,29.004209518432617,902.2051391601562,1102.0145263671875
