mean_final,median_final,p10_final,p90_final,std_final,min_final,max_final
999.5756225585938,999.2359619140625,968.718505859375,1031.0911865234375,24.331825256347656,911.2208251953125,1096.323974609375
