mean_final,median_final,p10_final,p90_final,std_final,min_final,max_final
998.9096069335938,998.3074951171875,961.6021118164062,1037.4346923828125,29.340171813964844,906.4368286132812,1145.0374755859375
