mean_final,median_final,p10_final,p90_final,std_final,min_final,max_final
999.0125122070312,998.9373779296875,966.7111206054688,1031.5107421875,25.249162673950195,900.85693359375,1088.14404296875
