mean_final,median_final,p10_final,p90_final,std_final,min_final,max_final
999.822998046875,999.4378051757812,963.7921142578125,1036.614990234375,28.41747283935547,900.0867309570312,1106.943115234375
