mean_final,median_final,p10_final,p90_final,std_final,min_final,max_final
1000.2904052734375,1000.4319458007812,964.3138427734375,1035.507568359375,27.438335418701172,912.5499877929688,1100.5997314453125
