mean_final,median_final,p10_final,p90_final,std_final,min_final,max_final
999.2852783203125,999.1935424804688,963.568115234375,1035.5738525390625,28.090736389160156,911.2055053710938,1104.242431640625
