mean_final,median_final,p10_final,p90_final,std_final,min_final,max_final
999.1450805664062,998.1204223632812,962.806884765625,1037.1192626953125,28.817588806152344,905.2496948242188,1106.8033447265625
