mean_final,median_final,p10_final,p90_final,std_final,min_final,max_final
999.3289794921875,998.8255615234375,967.5109252929688,1031.273193359375,24.886011123657227,919.197998046875,1092.4935302734375
