mean_final,median_final,p10_final,p90_final,std_final,min_final,max_final
998.5590209960938,998.0625,960.778076171875,1037.083740234375,29.717588424682617,897.5269165039062,1116.8402099609375
