mean_final,median_final,p10_final,p90_final,std_final,min_final,max_final
998.7929077148438,998.3773193359375,967.3197631835938,1030.5653076171875,24.747386932373047,916.575439453125,1093.2293701171875
