mean_final,median_final,p10_final,p90_final,sentiment_used
1140.29638671875,1001.9763793945312,518.9939575195312,1940.748779296875,0.0
