mean_final,median_final,p10_final,p90_final,std_final,min_final,max_final
999.6347045898438,998.8843994140625,968.2068481445312,1031.8428955078125,24.820451736450195,912.8204956054688,1092.56494140625
