mean_final,median_final,p10_final,p90_final,std_final,min_final,max_final
999.0131225585938,998.432373046875,963.2559814453125,1035.6043701171875,28.45769500732422,912.1375122070312,1115.6962890625
