mean_final,median_final,p10_final,p90_final,std_final,min_final,max_final
999.1558837890625,998.8697509765625,963.7147216796875,1034.1953125,27.468263626098633,907.0855712890625,1094.825927734375
