mean_final,median_final,p10_final,p90_final,std_final,min_final,max_final
998.701171875,998.5569458007812,966.185791015625,1030.69287109375,25.239727020263672,906.8116455078125,1089.1072998046875
