mean_final,median_final,p10_final,p90_final,std_final,min_final,max_final
998.4583740234375,998.0593872070312,962.1615600585938,1035.93505859375,28.730939865112305,904.0986328125,1116.6302490234375
