mean_final,median_final,p10_final,p90_final,std_final,min_final,max_final
999.021484375,998.7330322265625,964.27783203125,1033.7266845703125,26.980680465698242,905.9960327148438,1088.267333984375
