mean_final,median_final,p10_final,p90_final,std_final,min_final,max_final
999.9075927734375,999.7181396484375,963.404541015625,1035.635009765625,28.19536590576172,901.7017822265625,1092.1607666015625
