mean_final,median_final,p10_final,p90_final,std_final,min_final,max_final
999.7445068359375,999.5562744140625,964.693115234375,1034.25,27.319929122924805,905.8609619140625,1101.15673828125
