mean_final,median_final,p10_final,p90_final,sentiment_used
1408.61181640625,1244.1053466796875,654.458984375,2361.19384765625,0.0
