mean_final,median_final,p10_final,p90_final,sentiment_used
1352.0233154296875,1197.3538818359375,646.3755493164062,2255.848876953125,0.0
