mean_final,median_final,p10_final,p90_final,std_final,min_final,max_final
999.3433837890625,998.4010009765625,963.8197021484375,1035.9007568359375,27.923866271972656,893.6636352539062,1093.617919921875
