mean_final,median_final,p10_final,p90_final,std_final,min_final,max_final
999.51318359375,999.0926513671875,965.5880737304688,1034.541015625,26.5679931640625,901.1542358398438,1095.5269775390625
