mean_final,median_final,p10_final,p90_final,std_final,min_final,max_final
998.2208251953125,997.2770385742188,960.93115234375,1036.7479248046875,30.010122299194336,887.783203125,1112.469482421875
