mean_final,median_final,p10_final,p90_final,std_final,min_final,max_final
999.6279907226562,999.0518188476562,964.2117309570312,1036.644775390625,28.744556427001953,892.7100830078125,1107.3463134765625
