mean_final,median_final,p10_final,p90_final,sentiment_used
1323.6575927734375,1148.78076171875,593.1840209960938,2262.030517578125,0.0
