mean_final,median_final,p10_final,p90_final,sentiment_used
51854.48828125,45508.57421875,24518.88671875,86162.234375,0.08125992063492064
