mean_final,median_final,p10_final,p90_final,std_final,min_final,max_final
999.3662109375,998.9777221679688,966.97509765625,1032.115478515625,25.28152847290039,903.311767578125,1111.6304931640625
