mean_final,median_final,p10_final,p90_final,std_final,min_final,max_final
999.4271850585938,998.8892822265625,964.2225952148438,1035.669921875,28.04010772705078,899.6234130859375,1115.1939697265625
