mean_final,median_final,p10_final,p90_final,std_final,min_final,max_final
999.522705078125,999.3658447265625,961.2621459960938,1038.042724609375,29.97711944580078,900.7696533203125,1116.9964599609375
