mean_final,median_final,p10_final,p90_final,std_final,min_final,max_final
999.1491088867188,998.38671875,962.0411987304688,1037.9805908203125,29.40273666381836,887.8818969726562,1105.4381103515625
