mean_final,median_final,p10_final,p90_final,std_final,min_final,max_final
998.6060791015625,998.3250122070312,966.4635620117188,1030.868408203125,25.14915657043457,915.2109375,1098.838134765625
