mean_final,median_final,p10_final,p90_final,sentiment_used
1173.33544921875,1035.9267578125,537.7108154296875,1991.2921142578125,0.0
