mean_final,median_final,p10_final,p90_final,sentiment_used
1379.0426025390625,1223.5274658203125,645.7958984375,2307.2109375,0.0
