mean_final,median_final,p10_final,p90_final,std_final,min_final,max_final
999.2537841796875,998.4813842773438,968.5263061523438,1031.3629150390625,24.677228927612305,915.756591796875,1090.4913330078125
