mean_final,median_final,p10_final,p90_final,std_final,min_final,max_final
999.2526245117188,999.0673217773438,962.1262817382812,1037.1038818359375,29.130197525024414,901.3115844726562,1113.2877197265625
