mean_final,median_final,p10_final,p90_final,std_final,min_final,max_final
999.393798828125,998.9514770507812,962.7402954101562,1037.3616943359375,29.21674919128418,894.009033203125,1109.9364013671875
