mean_final,median_final,p10_final,p90_final,sentiment_used
1001.7412719726562,889.3059692382812,474.72564697265625,1649.7994384765625,0.0
