mean_final,median_final,p10_final,p90_final,std_final,min_final,max_final
999.8106079101562,999.4175415039062,963.8865356445312,1037.0985107421875,29.018957138061523,887.3656616210938,1142.9224853515625
